HYUNDAI/KIA,"SONATA YF",98321-3S000,"ARM ASSY-W/SHLD WPR(PASSENGER)",1,329.3
HYUNDAI/KIA,"SONATA YF",54500-3S000,"ARM COMPLETE-FR LWR LH",7,1700.81
HYUNDAI/KIA,"SONATA YF",54501-3S100,"ARM COMPLETE-FR LWR RH",1,2211.83
HYUNDAI/KIA,"SONATA YF",54501-3S000,"ARM COMPLETE-FR LWR RH",8,2131.96
HYUNDAI/KIA,"SONATA YF",55210-3S000,"ARM COMPLETE-RR LWR,LH",1,1368.93
HYUNDAI/KIA,"SONATA YF",55220-3S000,"ARM COMPLETE-RR LWR,RH",1,1556.42
HYUNDAI/KIA,,96170-2PBB0VA,"Audio assy",1,18850
HYUNDAI/KIA,i30,98350-1H000,"BLADE ASSY-WIPER DS",20,578.79
HYUNDAI/KIA,i30,98360-1H000,"BLADE ASSY-WIPERPS",23,415.38
HYUNDAI/KIA,i30,86513-2L000,"BRACKET-FR BUMPER SIDE LH",20,34.79
HYUNDAI/KIA,i30,86552-2L000,"BRKT-FR BUMPER UPR SIDE MTG RH",1,37.87
HYUNDAI/KIA,"SONATA YF",55256-3R000,BUSH-RUBBER,18,348.68
HYUNDAI/KIA,"SONATA YF",55118-3R000,BUSHING,1,108.43
HYUNDAI/KIA,"SONATA YF",59760-3S300,"CABLE ASSY-PARKING BRAKE LH",4,198.89
HYUNDAI/KIA,"SONATA YF",59770-3S300,"CABLE ASSY-PARKING BRAKE RH",2,263.74
HYUNDAI/KIA,"SONATA YF",98623-3S000,"CAP-W/SHLD WASHER RSVR",3,22.12
HYUNDAI/KIA,"SONATA YF",41300-24580,"COVER ASSY-CLUTCH",1,1404.91
HYUNDAI/KIA,i30,86610-2R000,"COVER ASSY-RR BUMPER",2,6366.14
HYUNDAI/KIA,i30,86511-2R000,"COVER-FR BUMPER",4,5771.47
HYUNDAI/KIA,"SONATA YF",82652-3S030,"COVER-FR DR O/S HDL",2,97.38
HYUNDAI/KIA,"SONATA YF",83652-3S010,"COVER-RR DR O/S HDL",6,56.31
"General Motors",CRUZE,13230774,Cайлентблок,6,2749.46
HYUNDAI/KIA,"SONATA YF",81610-3S010,"FRAME ASSY-PANORAMAROOF(3RD)",1,21439.26
HYUNDAI/KIA,"SONATA YF",81610-3S000,"FRAME ASSY-PANORAMAROOF(RR)",1,24502.01
HYUNDAI/KIA,"SONATA YF",25124-2G500,"GASKET-WATER PUMP",1,28.72
HYUNDAI/KIA,i30,87820-2R300,"GLASS & MOULDING ASSY-QTR/ FIX",1,3347.67
HYUNDAI/KIA,i30,87810-2R300,"GLASS & MOULDING ASSY-QTR/FIXE",1,2746.93
HYUNDAI/KIA,"SONATA YF",83410-3S000,"GLASS ASSY-RR DR LH",1,889.26
HYUNDAI/KIA,"SONATA YF",83420-3S000,"GLASS ASSY-RR DR RH",1,874.23
HYUNDAI/KIA,"SONATA YF",87110-3S010,"GLASS ASSY-RR WDW",5,6952.58
HYUNDAI/KIA,"SONATA YF",86110-3S651,"GLASS ASSY-W/SHLD",10,8215.94
HYUNDAI/KIA,"SONATA YF",86110-3S651,"GLASS ASSY-W/SHLD",4,8613.81
HYUNDAI/KIA,i30,86110-2R000,"GLASS ASSY-W/SHLD TINTED HEATED",6,12173.21
HYUNDAI/KIA,i30,86110-2R020,"GLASS ASSY-W/SHLD TINTED HEATED RAIN SENSOR",24,11934.15
HYUNDAI/KIA,"SONATA YF",82411-3S010,"GLASS-FR DR WINDOW LH",9,2676.11
HYUNDAI/KIA,i30,82411-2R010,"GLASS-FR DR WINDOW LH",1,1953.37
HYUNDAI/KIA,"SONATA YF",82421-3S010,"GLASS-FR DR WINDOW RH",6,3234.23
HYUNDAI/KIA,i30,82421-2R010,"GLASS-FR DR WINDOW RH",1,2015.68
HYUNDAI/KIA,i30,83410-2L010,"GLASS-RR DR WINDOW LH",2,1340.79
HYUNDAI/KIA,i30,83420-2L010,"GLASS-RR DR WINDOW RH",2,1384.62
HYUNDAI/KIA,"SONATA YF",82651-3S010,"HANDLE ASSY-DR O/S",2,181.04
HYUNDAI/KIA,"SONATA YF",79210-3S000,"HINGE ASSY-TRUNK LID LH",4,279.33
HYUNDAI/KIA,"SONATA YF",79220-3S000,"HINGE ASSY-TRUNK LID RH",6,316.36
HYUNDAI/KIA,"SONATA YF",84116-3S000,"INSULATOR-FENDER LH",15,582.28
HYUNDAI/KIA,"SONATA YF",84126-3S000,"INSULATOR-FENDER RH",4,631.04
HYUNDAI/KIA,"SONATA YF",49500-3S001,"JOINT ASSY-CV LH",1,7852.75
HYUNDAI/KIA,i30,92102-2L000,"LAMP ASSY-HEAD,RH",5,5200.65
HYUNDAI/KIA,i30,92101-2L000,"LAMP ASSY-HEADLH",5,6169.06
HYUNDAI/KIA,"SONATA YF",87624-3S100,"LAMP ASSY-O/S MIRROR RH",2,1040.47
HYUNDAI/KIA,i30,92401-2R000,"LAMP ASSY-RR COMB O/S LH",2,5083.14
"General Motors",CRUZE,95144213,"LAMP,TAIL",5,6444.67
"General Motors",CRUZE,95144212,"LAMP,TAIL",5,6444.07
HYUNDAI/KIA,i30,81130-2L000,"LATCH ASSY-HOOD",2,180.75
"General Motors",CRUZE,95950847,"LID,R/CMPT",2,11136.06
HYUNDAI/KIA,PORTER,54830-4H200,"LINK ASSY-FR STABILIZER LH",1,382.37
HYUNDAI/KIA,IX35,87610-2S090WEA,mirror,5,3573.07
HYUNDAI/KIA,IX35,87620-2Y000,mirror,5,17762.51
HYUNDAI/KIA,"SONATA YF",87610-3S000AA,"MIRROR HTD",3,4475.75
HYUNDAI/KIA,"SONATA YF",87620-3S000AA,"MIRROR HTD",5,6402.2
HYUNDAI/KIA,"SONATA YF",87610-3S010,"MIRROR HTD REPEATER",6,5813.89
HYUNDAI/KIA,"SPORTAGE R",87610-3W050A3D,"mirror repeater",4,3756.03
HYUNDAI/KIA,"SPORTAGE R",87620-3W050A3D,"mirror repeater",2,2994.12
HYUNDAI/KIA,"SONATA YF",87210-3S000,"MLD`G ASSY-ROOF,LH",3,280.33
HYUNDAI/KIA,"SONATA YF",87220-3S000,"MLD`G ASSY-ROOF,RH",2,253.25
HYUNDAI/KIA,"SONATA YF",86131-3S010,"MOULDING ASSY-W/SHLD SIDE & RO",1,238.6
HYUNDAI/KIA,"SONATA YF",86132-3S000,"MOULDING ASSY-W/SHLD SIDE & RO",2,150.14
HYUNDAI/KIA,"SONATA YF",86132-3S010,"MOULDING ASSY-W/SHLD SIDE & RO",1,223.99
HYUNDAI/KIA,"SONATA YF",58101-3SA25,"PAD KIT-FR DISC BRAKE",7,1375.25
HYUNDAI/KIA,"SONATA YF",54633-3R000,"PAD-FR SPRING LWR",1,57.64
HYUNDAI/KIA,i30,76003-2R010,"PANEL ASSY-FR DR LH",2,10397.95
HYUNDAI/KIA,i30,71503-2RC10,"PANEL ASSY-QUARTER OTR LH",1,11083.28
HYUNDAI/KIA,i30,71504-2RC10,"PANEL ASSY-QUARTER OTR RH",1,11180.19
HYUNDAI/KIA,i30,77004-2R010,"PANEL ASSY-RR DR RH",2,9489.68
HYUNDAI/KIA,i30,73700-2R010,"PANEL ASSY-TAIL GATE",4,12781.84
HYUNDAI/KIA,"SONATA YF",71312-3SD30,"PANEL-SIDE SILL OTR LH",1,5837.24
HYUNDAI/KIA,"SONATA YF",81620-3S000,"PNL ASSY-PANORAMAROOF FR GLASS",2,9169.48
HYUNDAI/KIA,"SONATA YF",59930-3S300,"SENSOR ASSY-ABS RR WHEEL RH",2,443.05
HYUNDAI/KIA,"SONATA YF",59830-3S900,"SENSOR ASSY-FR ABS.RH",1,1475.49
HYUNDAI/KIA,"SONATA YF",59810-3S900,"SENSOR ASSY-FRT ABS,LH",1,2480.88
HYUNDAI/KIA,i30,55311-2R200,"SHOCK ABSORBER ASSY-RR",4,3191.59
HYUNDAI/KIA,"ELANTRA NEW",55311-2H000,"SHOCK ABSORBER ASSY-RR",10,1408
HYUNDAI/KIA,STAREX,55310-4A500,"SHOCK ABSORBER ASSY-RR",5,872.74
HYUNDAI/KIA,i30,54661-1H001,"STRUT ASSY-FR RH",4,2553.05
HYUNDAI/KIA,"SONATA YF",22226-2G001,TAPPET,43,99.44
HYUNDAI/KIA,SPORTAGE,0K01L-50-312F,"АБСОРБЕР ЗАД БАМП ЛЕВЫЙ",1,3448.02
HYUNDAI/KIA,"RIO 3",546501G200,"АМАРТИЗАТОР ПЕРЕДНИЙ ЛЕВЫЙ",16,1880.71
HYUNDAI/KIA,DOPOLNENIE,54660-2B510,АМОРТИЗАТОР,1,3725.99
HYUNDAI/KIA,ACCENT,55360-25051,АМОРТИЗАТОР,6,1422.77
HYUNDAI/KIA,DOPOLNENIE,54651-1H001,АМОРТИЗАТОР,1,2382.47
HYUNDAI/KIA,DOPOLNENIE,54661-1H001,АМОРТИЗАТОР,1,2493.85
HYUNDAI/KIA,DOPOLNENIE,553512F200,АМОРТИЗАТОР,4,1592.54
HYUNDAI/KIA,"SONATA EF",54611-3D601,АМОРТИЗАТОР,29,1887.65
HYUNDAI/KIA,"SONATA NF",553113K020,АМОРТИЗАТОР,2,1086.99
HYUNDAI/KIA,PORTER,54310-4A500,АМОРТИЗАТОР,24,889.02
HYUNDAI/KIA,PORTER,543104A100,АМОРТИЗАТОР,3,5471.9
"General Motors",CRUZE,13331989,Амортизатор,5,2609.31
HYUNDAI/KIA,RIO,0K34C-62-620D,"АМОРТИЗАТОР 5-ОЙ ДВЕРИ-ПРАВЫЙ",1,402.97
HYUNDAI/KIA,SOLARIS,81770-0U200,"Амортизатор двери задка левый (хэтчбек)",1,266.15
HYUNDAI/KIA,SOLARIS,81780-0U200,"Амортизатор двери задка правый (хэтчбек)",1,275.7
HYUNDAI/KIA,IX35,81780-2Y000,"АМОРТИЗАТОР ЗАД ДВЕРИ ПРАВ",5,1336.53
HYUNDAI/KIA,ELANTRA,553612D100,"АМОРТИЗАТОР ЗАД ПРАВ",1,1526.67
HYUNDAI/KIA,IX35,55311-2Y001,"АМОРТИЗАТОР ЗАД. 2WD",2,3122.8
HYUNDAI/KIA,SOLARIS,55300-4L001,"АМОРТИЗАТОР ЗАДНИЙ",17,1138.44
HYUNDAI/KIA,"SANTA FE NEW",55310-2B510,"АМОРТИЗАТОР ЗАДНИЙ 10-",3,2576.71
HYUNDAI/KIA,"SONATA EF",55311-3D602,"АМОРТИЗАТОР ЗАДНИЙ ГАЗ 0006-",18,1932.72
HYUNDAI/KIA,"SONATA YF",54661-2T022,"АМОРТИЗАТОР ПЕРЕД ПРАВЫЙ",5,2735.26
HYUNDAI/KIA,"i30 NEW",54651-A6500,"АМОРТИЗАТОР ПЕРЕДНИЙ ЛЕВЫЙ",1,4264.19
HYUNDAI/KIA,"i30 NEW",54661-A5050,"АМОРТИЗАТОР ПЕРЕДНИЙ ПРАВЫЙ",1,3763.06
HYUNDAI/KIA,,96550-3E000,АНТЕННА,1,5880
HYUNDAI/KIA,"SPORTAGE R",85010-3W500,"АЭРБЕГ БОКОВОЙ ЛЕВЫЙ",1,12307.92
HYUNDAI/KIA,IX35,85010-2Y000,"АЭРБЕГ БОКОВОЙ ЛЕВЫЙ",1,25001.94
HYUNDAI/KIA,"SPORTAGE R",85020-3W500,"АЭРБЕГ БОКОВОЙ ПРАВЫЙ",1,12004.8
HYUNDAI/KIA,IX35,85020-2Y000,"АЭРБЕГ БОКОВОЙ ПРАВЫЙ",1,25001.94
HYUNDAI/KIA,"SPORTAGE R",56900-3U100EQ,"АЭРБЕГ ВОДИТЕЛЬСКИЙ",1,11618.99
HYUNDAI/KIA,CERATO,84530-1M000,"АЭРБЕГ ПАСС",1,7493.94
HYUNDAI/KIA,IX35,84530-2Y000,"АЭРБЕГ ПАСС",1,20670.25
HYUNDAI/KIA,TUCSON,71340-4A010,"БАЛКА ",1,1354.24
HYUNDAI/KIA,PORTER,21850-4B001,"БАЛКА ДВИГАТЕЛЯ",1,522.79
"General Motors",CRUZE,13314327,"БАЛКА ЗАДНЯЯ",2,17750.28
"General Motors",CRUZE,95479273,БАМПЕР,7,6204.82
HYUNDAI/KIA,,86611-2D500,"БАМПЕР ЗАДНЕГО НАКЛАДКА",1,2074.7
HYUNDAI/KIA,"SPORTAGE R",86671-3W000,"БАМПЕР ЗАДНЕГО НАКЛАДКА ЛЕВАЯ",8,2160.57
HYUNDAI/KIA,IX35,86612-2S000,"БАМПЕР ЗАДНЕГО НАКЛАДКА НИЗ ",8,3674.48
HYUNDAI/KIA,"SPORTAGE R",86672-3U000,"БАМПЕР ЗАДНЕГО НАКЛАДКА ПРАВАЯ",9,2538.51
HYUNDAI/KIA,"SPORTAGE R",86630-3U000,"БАМПЕР ЗАДНЕГО УСИЛИТЕЛЬ",19,3545.02
HYUNDAI/KIA,SPORTAGE,0K024-50-210KXX,"Бампер задний в сборе ",2,5680.93
HYUNDAI/KIA,SPORTAGE,0K019-50-221G,"Бампер задний-накладка  -99",2,1891.57
HYUNDAI/KIA,ELANTRA,86520-2D100,"БАМПЕР ПЕРЕДНЕГО АБСОРБЕР",1,480.53
"General Motors",AVEO,95226214,"Бампер переднего абсорбер",4,596.98
"General Motors",AVEO,95019927,"Бампер переднего накладка",1,4951.51
HYUNDAI/KIA,"i30 NEW",86560-A6000,"Бампер переднего планка",3,1419.57
HYUNDAI/KIA,"RIO 3",86523-1G600,"Бампер переднего решетки облицовка 09-",16,901.12
HYUNDAI/KIA,SOLARIS,86530-4L000,"Бампер переднего усилитель",1,2525.46
HYUNDAI/KIA,"SPORTAGE R",86530-3W300,"БАМПЕР ПЕРЕДНЕГО УСИЛИТЕЛЬ",6,3229.18
"General Motors",AVEO,95482621,"Бампер переднего усилитель",5,4643.64
HYUNDAI/KIA,"i30 NEW",86530-A6000,"Бампер переднего усилитель",2,3979.47
"General Motors",AVEO,95022240,"Бампер переднего усилитель перед",1,1953.83
"General Motors",AVEO,96694779,"Бампер переднего юбка",4,637.1
HYUNDAI/KIA,"i30 NEW",86590-A6000,"Бампер переднего юбка",1,1043.08
HYUNDAI/KIA,IX35,86511-2Y000,"БАМПЕР ПЕРЕДНИЙ НАКЛАДКА",6,5555.17
HYUNDAI/KIA,"SPORTAGE R",86511-3W010,"БАМПЕР ПЕРЕДНИЙ НАКЛАДКА",4,4524.83
HYUNDAI/KIA,,86511-3W010,"БАМПЕР ПЕРЕДНИЙ НАКЛАДКА",4,4524.83
HYUNDAI/KIA,,86511-2S000,"БАМПЕР ПЕРЕДНИЙ НАКЛАДКА",15,3365.93
HYUNDAI/KIA,IX35,86512-2S000,"БАМПЕР ПЕРЕДНИЙ НАКЛАДКА НИЗ",86,747.58
"General Motors",CRUZE,12776325,БАМПЕРА,7,3681.38
"General Motors",CRUZE,95479270,БАМПЕРА,5,5229.59
"General Motors",CRUZE,95270106,БАМПЕРА,5,7944.05
"General Motors",CRUZE,95022993,БАМПЕРА,17,4749.18
HYUNDAI/KIA,MAGENTIS,86620-3C000,"БАМПЕРА ЗАДНЕГО -АБСОРБЕР",1,596.05
HYUNDAI/KIA,ELANTRA,86620-2D500,"БАМПЕРА ЗАДНЕГО -АБСОРБЕР",1,138.31
HYUNDAI/KIA,"SONATA EF",86620-38000,"БАМПЕРА ЗАДНЕГО -АБСОРБЕР 4",1,271.9
HYUNDAI/KIA,CERATO,86611-1M000,"БАМПЕРА ЗАДНЕГО -НАКЛАДКА",13,4518.39
HYUNDAI/KIA,"SONATA EF",86610-3D000,"БАМПЕРА ЗАДНЕГО -НАКЛАДКА   5 (ПОД МОЛДИНГИ )",1,5017.68
HYUNDAI/KIA,ACCENT,86610-22210,"БАМПЕРА ЗАДНЕГО -НАКЛАДКА  3-5DR -9702",2,3849.15
HYUNDAI/KIA,ACCENT,86610-22620,"БАМПЕРА ЗАДНЕГО -НАКЛАДКА  3-5DR 9702-",1,2136.81
HYUNDAI/KIA,VERNA,86610-25000,"БАМПЕРА ЗАДНЕГО -НАКЛАДКА (С ДЕФФЕКТОМ!!!)",2,2232
HYUNDAI/KIA,"SONATA EF",86610-38020,"БАМПЕРА ЗАДНЕГО -НАКЛАДКА 4 корея",2,3087.01
HYUNDAI/KIA,SONATA,86630-34050,"БАМПЕРА ЗАДНЕГО -УСИЛИТЕЛЬ 2",1,1955.53
HYUNDAI/KIA,SONATA,86630-34551,"БАМПЕРА ЗАДНЕГО -УСИЛИТЕЛЬ 3",2,1064.99
HYUNDAI/KIA,ACCENT,86630-22030,"БАМПЕРА ЗАДНЕГО -УСИЛИТЕЛЬ 4DR-9702",1,809.94
HYUNDAI/KIA,IX35,86611-2Y000,"БАМПЕРА ЗАДНЕГО НАКЛАДКА",3,6214.67
HYUNDAI/KIA,SOLARIS,86610-4L000,"Бампера заднего накладка (4 ДВЕРИ,СЕДАН,с парктрониками",39,4365.03
"General Motors",AVEO,95460678,"Бампера заднего накладка 5ДВЕРЕЙ",3,4829.71
HYUNDAI/KIA,SOLARIS,86610-4L200,"Бампера заднего накладка(5ДВЕРЕЙ,ХЭТЧБЕК,с парктрониками",11,5193.87
HYUNDAI/KIA,,86650-1R210,"Бампера заднего накладка(5ДВЕРЕЙ,ХЭТЧБЕК,с парктрониками",20,3903.44
"General Motors",AVEO,95058439,"Бампера заднего усилитель 4-5DR",2,5374.91
HYUNDAI/KIA,CERATO,86560-1M310,"БАМПЕРА ПЕРЕД РЕШЕТКА KOUP",9,2050.32
HYUNDAI/KIA,CERATO,86564-1M610,"БАМПЕРА ПЕРЕД РЕШЕТКА ПРАВ",6,215.03
HYUNDAI/KIA,CERATO,86511-1M000,"БАМПЕРА ПЕРЕДНЕГО -НАКЛАДКА",17,5148.88
HYUNDAI/KIA,"LANTRA -96",86510-28500,"БАМПЕРА ПЕРЕДНЕГО -НАКЛАДКА  9305-",1,5323.5
HYUNDAI/KIA,CERATO,86511-1M301,"БАМПЕРА ПЕРЕДНЕГО -НАКЛАДКА KOUP",10,5963.54
HYUNDAI/KIA,MAGENTIS,86520-3C000,"БАМПЕРА ПЕРЕДНЕГО- АБСОРБЕР",2,445.85
"General Motors",CRUZE,1450006,БАЧОК,10,1154.14
"General Motors",CRUZE,13256823,Бачок,1,523.72
"General Motors",CRUZE,13278462,"Бачок гидроусилителя CHEVROLET CRUZE",2,749.55
HYUNDAI/KIA,PORTER,59130-43030,"БАЧОК ГЛАВНОГО ТОРМОЗНОГО ЦИЛИНДРА",3,71.68
HYUNDAI/KIA,PORTER,57800-4B001,"БАЧОК ГУР",1,167.29
HYUNDAI/KIA,SPORTAGE,0K036-42110B,БЕНЗОБАК,1,2913.85
HYUNDAI/KIA,SOLARIS,31150-4L000,БЕНЗОБАК,9,5774.83
HYUNDAI/KIA,IX35,31110-2S000,БЕНЗОНАСОС,1,10361.28
HYUNDAI/KIA,SPORTAGE,0K082-67-7F0,"Блок управления аэрбег",1,5962.92
HYUNDAI/KIA,SOLARIS,95910-1R000,"блок управления подушкой безопастности",2,3235.65
HYUNDAI/KIA,SOLARIS,95910-1R100,"блок управления подушкой безопастности",1,4302.52
HYUNDAI/KIA,PORTER,61012-47000,БОЛТ,9,13.64
HYUNDAI/KIA,PORTER,36184-42000,БОЛТ,7,52.3
HYUNDAI/KIA,PORTER,11253-08251,БОЛТ,8,6.79
HYUNDAI/KIA,TUCSON,13270-06007B,БОЛТ,2,7.35
"General Motors",CRUZE,11610587,Болт,50,61.57
HYUNDAI/KIA,SOLARIS,62452-1R000,"Болт крепления переднего подрамника",19,65.7
HYUNDAI/KIA,"SPORTAGE R",62617-3W000,"БОЛТ ПЕРЕД ПОДРАМНИКА",6,223.83
HYUNDAI/KIA,GETZ,51752-36000,"БОЛТ ПЕРЕДНЕЙ СТУПИЦЫ (ШПИЛЬКА)",2,12.29
HYUNDAI/KIA,SOLARIS,21920-0U000,"Болт подушки",12,23.46
HYUNDAI/KIA,"SPORTAGE R",86842-3U001,"БРЫЗГОВИК ЗАД ПРАВ",1,316.86
HYUNDAI/KIA,SONATA,86832-34500,"БРЫЗГОВИК ПЕРЕДНИЙ-ПРАВЫЙ 3",1,246.36
"General Motors",CRUZE,"13 267 640",вентилятор,2,5547.5
"General Motors",CRUZE,13335182,ВЕНТИЛЯТОР,2,4538.76
HYUNDAI/KIA,"SANTA FE NEW",97730-2B000,"ВЕНТИЛЯТОР КОНДИЦИОНЕРА АТ",1,2873.06
HCC,"SANTA FE NEW",H-97730-2B100,"ВЕНТИЛЯТОР КОНДИЦИОНЕРА МТ",1,1248.76
NT,ELANTRA,NAA-A027,"ВЕНТИЛЯТОР ОХЛАЖДЕНИЯ",1,812.29
HYUNDAI/KIA,"SANTA FE",25380-26200,"ВЕНТИЛЯТОР ОХЛАЖДЕНИЯ",1,2790.78
"General Motors",AVEO,95962654,"Вентилятор охлаждения",2,8268.58
HYUNDAI/KIA,PORTER,43841-4A001,"ВИЛКА 1-й И 2-й ПЕРЕДАЧИ МКПП",1,69.01
HYUNDAI/KIA,CERATO,21020-2G000,"ВКЛАДЫШИ КОЛЕНВАЛА",70,89.05
HYUNDAI/KIA,CERATO,21030-2B000,"Вкладыши коренные 2шт",18,85.25
HYUNDAI/KIA,CERATO,23060-2G100,"ВКЛАДЫШИ ШАТУННЫЕ",103,82.58
HYUNDAI/KIA,AVANTE,54813-29000,"ВТУЛКА ПЕРЕДНЕГО СТАБИЛИЗАТОРА",2,47.02
HYUNDAI/KIA,TUCSON,41426-39260,"ВТУЛКА ПОДШИПНИКА ВЫЖИМНОЙ",5,67.18
HYUNDAI/KIA,PORTER,54752-4B002,"ВТУЛКА ТЯГИ СТАБИЛИЗАТОРА ПЕРЕДНЕГО",1,16.43
HYUNDAI/KIA,VERNA,36120-25022,"ВТЯГИВ РЕЛЕ СТАРТЕРА",2,763.24
HYUNDAI/KIA,SOLARIS,93530-1R0004x,выключатель,4,144.2
HYUNDAI/KIA,SOLARIS,93560-3L000,"выключатель двери концевой",7,39.22
HYUNDAI/KIA,SOLARIS,93860-49600,"выключатель сигналов заднего хода (МТ)",4,105.54
HYUNDAI/KIA,VERNA,13101-12003,ГАЙКА,4,4.17
HYUNDAI/KIA,PORTER,52985-44000,ГАЙКА,93,5.6
"General Motors",CRUZE,9594682,"ГАЙКА КОЛЕСА",38,31.08
Hc-parts,DOPOLNENIE,"600 005",ГЕНЕРАТОР,1,3082.27
MANDO,DOPOLNENIE,BN3730042624,ГЕНЕРАТОР,1,5140.87
MANDO,DOPOLNENIE,J5110518,ГЕНЕРАТОР,3,3949.99
MANDO,AVANTE,BN3730022200,ГЕНЕРАТОР,1,3431.1
"General Motors",AVEO,13579666,ГЕНЕРАТОР,1,6804.81
"General Motors",CRUZE,13502595,ГЕНЕРАТОР,4,7491.48
HYUNDAI/KIA,"i30 NEW",37300-2B710,ГЕНЕРАТОР,1,5324.93
VALEO,VERNA,600-044,"ГЕНЕРАТОР 1,5L-DOHC 80A",1,4766.4
HYUNDAI/KIA,IX35,37300-2G400,"ГЕНЕРАТОР БЕНЗИН",3,3967.81
HYUNDAI/KIA,SORENTO,37300-2F100,"ГЕНЕРАТОР ДИЗЕЛЬ",1,5782.65
"General Motors",AVEO,24438041,ГИДРОКОМПЕНСАТОР,4,262.95
HYUNDAI/KIA,SORENTO,98620-3E100,"ГОРЛОВИНА БАЧКА ОМЫВАТЕЛЯ 06-",1,39.84
HYUNDAI/KIA,IX35,39250-2G100,ДАТЧИК,1,242.27
HYUNDAI/KIA,SOLARIS,95671-1R000,"Датчик ABS передний правый",2,670.77
HYUNDAI/KIA,CERATO,59930-1M300,"ДАТЧИК АБС ЗАД ПРАВ",2,294.89
HYUNDAI/KIA,IX35,95681-2Y800,"ДАТЧИК АБС ЗАД ПРАВ 4WD",1,2129.92
"General Motors",CRUZE,13324530,"Датчик абс задний cruze",6,470.96
HYUNDAI/KIA,CERATO,59830-1M300,"ДАТЧИК АБС ПЕР ПРАВ",1,690.31
"General Motors",CRUZE,13329258,"Датчик АБС передний CRUZE",3,635.13
HYUNDAI/KIA,VERNA,95671-25000,"ДАТЧИК АБС-ПЕРЕДНИЙ ЛЕВЫЙ",4,626.77
HYUNDAI/KIA,SONATA,35301-32550,"ДАТЧИК ДАВЛЕНИЯ ТОПЛИВА В ИНЖЕКТОРЕ",1,265.26
HYUNDAI/KIA,VERNA,35170-22600,"ДАТЧИК ДРОССЕЛЬНОЙ ЗАСЛОНКИ",2,544.6
HYUNDAI/KIA,SOLARIS,39210-2B140,"ДАТЧИК КИСЛОРОДА",2,2014.97
"General Motors",CRUZE,55566650,"Датчик кислорода верх Cruze 113л.с.",3,1890.28
"General Motors",AVEO,55562205,"ДАТЧИК КИСЛОРОДНЫЙ",2,2037.64
HYUNDAI/KIA,CERATO,39180-25300,"ДАТЧИК КОЛЕНВАЛА",4,479.91
HYUNDAI/KIA,"SONATA EF",39210-23710,"Датчик лямбда-зонд BETA",9,1070.75
HYUNDAI/KIA,SOLARIS,95720-1R000PGU,"Датчик парковки задний (белый)",24,860.52
HYUNDAI/KIA,SOLARIS,95720-1R000RHM,"Датчик парковки задний (Серебристый металлик)",9,990.31
HYUNDAI/KIA,SOLARIS,95720-1R000SAE,"Датчик парковки задний (Серый металлик)",24,1078.56
HYUNDAI/KIA,SOLARIS,95720-1R000MZH,"Датчик парковки задний (чёрный)",22,738.71
HYUNDAI/KIA,"SONATA EF",39310-38060,"ДАТЧИК ПОЛОЖЕНИЯ КОЛЕНВАЛА",23,718.31
"General Motors",CRUZE,55567243,"ДАТЧИК ПОЛОЖЕНИЯ КОЛЕНВАЛА",2,1148.15
"General Motors",CRUZE,55565709,"Датчик положения распредвала выпускной Cruze/Aveo",1,724.46
HYUNDAI/KIA,VERNA,39350-22040,"ДАТЧИК РАСПРЕДВАЛА( ХОЛА )",1,718.32
"General Motors",CRUZE,95987758,Дверь,10,10838.66
"General Motors",CRUZE,95987757,ДВЕРЬ,10,12280.03
HYUNDAI/KIA,i30,77003-2L010,"ДВЕРЬ (С ДЕФФЕКТОМ!!!!)",1,5905.61
HYUNDAI/KIA,GETZ,73700-1C250,"ДВЕРЬ 5 АЯ 2005-",2,9000.02
HYUNDAI/KIA,SOLARIS,73700-4L200,"ДВЕРЬ 5-я",16,11886.41
HYUNDAI/KIA,"i30 NEW",73700-A6000,"ДВЕРЬ 5-я",5,14760.37
HYUNDAI/KIA,IX35,77004-2Y010,"ДВЕРЬ ЗАД ПРАВ",2,11968.53
HYUNDAI/KIA,IX35,77004-2Y000,"ДВЕРЬ ЗАД ПРАВ",3,12166.39
HYUNDAI/KIA,"SANTA FE NEW",73700-2B600,"ДВЕРЬ ЗАДНЯЯ 5-DR",2,12217.02
HYUNDAI/KIA,IX35,73700-2Y001,"ДВЕРЬ ЗАДНЯЯ 5-АЯ",1,11746.56
HYUNDAI/KIA,"SPORTAGE R",73700-3U010,"ДВЕРЬ ЗАДНЯЯ 5-АЯ",3,13759.48
"General Motors",CRUZE,95987763,"Дверь задняя LH Cruze",4,10545.21
HYUNDAI/KIA,"SANTA FE NEW",77003-2B020,"Дверь задняя левая",2,12349.12
HYUNDAI/KIA,IX35,77003-2Y000,"ДВЕРЬ ЗАДНЯЯ ЛЕВАЯ",4,11965.22
HYUNDAI/KIA,"i30 NEW",77003-A6000,"ДВЕРЬ ЗАДНЯЯ ЛЕВАЯ",2,12871.08
"General Motors",AVEO,95087824,"ДВЕРЬ ЗАДНЯЯ ЛЕВАЯ -нар лист5DR",1,7949.98
HYUNDAI/KIA,SOLARIS,77003-4L000,"Дверь задняя левая (седан)",3,7052.55
HYUNDAI/KIA,,77003-1R300,"Дверь задняя левая (седан)",3,7054.28
HYUNDAI/KIA,,77003-1R301,"Дверь задняя левая (седан)",4,6359.3
"General Motors",CRUZE,95476404,"ДВЕРЬ ЗАДНЯЯ ЛЕВАЯ 5DR",10,13158.89
HYUNDAI/KIA,"SANTA FE NEW",77004-2B020,"Дверь задняя правая",3,12556.76
HYUNDAI/KIA,"i30 NEW",77004-A6000,"ДВЕРЬ ЗАДНЯЯ ПРАВАЯ",2,12860.99
"General Motors",AVEO,95087825,"ДВЕРЬ ЗАДНЯЯ ПРАВАЯ  нар лист 5DR",1,7949.98
HYUNDAI/KIA,SOLARIS,77004-4L000,"Дверь задняя правая (седан)",3,8022.25
"General Motors",CRUZE,95987764,"Дверь задняя правая 10-",10,9899.69
"General Motors",CRUZE,95476405,"ДВЕРЬ ЗАДНЯЯ ПРАВАЯ 5DR",8,13158.89
HYUNDAI/KIA,,0K34C-62-020D,"ДВЕРЬ ЗАДНЯЯ-5-АЯ",1,6400
HYUNDAI/KIA,ACCENT,77004-22520,"ДВЕРЬ ЗАДНЯЯ-ПРАВАЯ",2,3792.21
HYUNDAI/KIA,AVANTE,77004-29001,"ДВЕРЬ ЗАДНЯЯ-ПРАВАЯ",1,4006.84
HYUNDAI/KIA,ACCENT,77004-22002,"ДВЕРЬ ЗАДНЯЯ-ПРАВАЯ",1,4036.84
HYUNDAI/KIA,SONATA,77004-34004,"ДВЕРЬ ЗАДНЯЯ-правая",1,5020.1
HYUNDAI/KIA,"SONATA EF",77004-38000,"ДВЕРЬ ЗАДНЯЯ-ПРАВАЯ SONATA 4",1,3537.2
HYUNDAI/KIA,"SANTA FE NEW",76003-2B030,"Дверь передняя левая",1,10202.06
HYUNDAI/KIA,SOLARIS,76003-4L000,"ДВЕРЬ ПЕРЕДНЯЯ ЛЕВАЯ",9,8351.62
HYUNDAI/KIA,IX35,76003-2Y001,"ДВЕРЬ ПЕРЕДНЯЯ ЛЕВАЯ",7,13043.16
"General Motors",AVEO,95940507,"ДВЕРЬ ПЕРЕДНЯЯ ЛЕВАЯ",1,11584.3
HYUNDAI/KIA,"i30 NEW",76003-A6000,"ДВЕРЬ ПЕРЕДНЯЯ ЛЕВАЯ",3,11242.29
HYUNDAI/KIA,IX35,76003-2Y011,"ДВЕРЬ ПЕРЕДНЯЯ ЛЕВАЯ  c расширит",3,13190.28
HYUNDAI/KIA,CERATO,76004-2F020,"ДВЕРЬ ПЕРЕДНЯЯ ПРАВАЯ",4,11364.74
HYUNDAI/KIA,"SANTA FE NEW",76004-2B030,"Дверь передняя правая",5,9865.77
HYUNDAI/KIA,IX35,76004-2Y011,"ДВЕРЬ ПЕРЕДНЯЯ ПРАВАЯ",2,10702.64
HYUNDAI/KIA,IX35,76004-2Y001,"ДВЕРЬ ПЕРЕДНЯЯ ПРАВАЯ",7,12791.41
"General Motors",AVEO,95940508,"ДВЕРЬ ПЕРЕДНЯЯ ПРАВАЯ",3,12539.95
HYUNDAI/KIA,"i30 NEW",76004-A6000,"ДВЕРЬ ПЕРЕДНЯЯ ПРАВАЯ",2,11298.79
HYUNDAI/KIA,SOLARIS,76004-4L000,"Дверь передняя правая (5DR)",3,8377.29
HYUNDAI/KIA,CERATO,76003-1M011,"ДВЕРЬ ПЕРЕДНЯЯ-ЛЕВАЯ",4,7491.23
HYUNDAI/KIA,CERATO,76004-1M011,"ДВЕРЬ ПЕРЕДНЯЯ-ПРАВАЯ",3,7604.14
HYUNDAI/KIA,ACCENT,76004-22520,"ДВЕРЬ ПЕРЕДНЯЯ-ПРАВАЯ   4-5DR    9702-",1,5140.16
HYUNDAI/KIA,VERNA,23410-26612,"Двигателя поршень стд.(16 кл.) Хундай",4,290.03
HYUNDAI/KIA,GETZ,98350-2C000,"Дворник вод",46,204.09
HYUNDAI/KIA,SOLARIS,81170-1R000,"ДЕРЖАТЕЛЬ КАПОТА",9,77.26
HYUNDAI/KIA,,0K011-34411,Деталь,4,1061.1
"General Motors",CRUZE,13502139,Диск,3,1213.42
"General Motors",CRUZE,13502052,Диск,6,1741.75
HYUNDAI/KIA,SOLARIS,52910-1R000,"Диск колесный R15 штампованный",1,948.33
"General Motors",CRUZE,25192482,"Диск сцепления",5,2734.02
SECO,SPORTAGE,411004Z000,"Диск сцепления 9505 -0108 SOHC-DOHC 2,0L-DIESEL",1,1014.62
VALEO,GETZ,41100-22750,"Диск сцепления БОЛЬШОЕ",1,1510.1
HYUNDAI/KIA,"i30 NEW",58411-A6300,"Диск тормозной задний",2,2840.28
HYUNDAI/KIA,"ELANTRA NEW",51712-1H100,"Диск тормозной передний",2,3259.25
BRC,VERNA,BR-H34,"ДИСК ТОРМОЗНОЙ ПЕРЕДНИЙ",1,735.09
HYUNDAI/KIA,"i30 NEW",51712-A6000,"Диск тормозной передний",6,3022.7
"General Motors",CRUZE,13502045,"Диск тормозной передний R15",9,1827
BRC,"SONATA EF",58411-3C000,"ДИСК ТОРМОЗНОЙ-ЗАДНИЙ",1,870
HYUNDAI/KIA,ACCENT,SV-ACCENT,ДИФЛЕКТОРЫ,1,180.9
HYUNDAI/KIA,"SPORTAGE R",86517-3U000,"ЗАГЛУШКА БАМПЕРА",8,126.9
HYUNDAI/KIA,CERATO,86563-1M311,"ЗАГЛУШКА БАМПЕРА",2,189.14
HYUNDAI/KIA,CERATO,86564-1M311,"ЗАГЛУШКА БАМПЕРА",3,302.67
HYUNDAI/KIA,IX35,86517-2Y000,"Заглушка бампера",3,67.53
HYUNDAI/KIA,"SPORTAGE R",86617-3U000,"ЗАГЛУШКА В БАМПЕР ЗАД",26,67.88
HYUNDAI/KIA,IX35,86617-2S000,"ЗАГЛУШКА ЗАДНЕГО БАМПЕРА",1,110.08
"General Motors",AVEO,95230679,"Заглушка заднего бампера",19,111.12
"General Motors",AVEO,95230682,"Заглушка заднего бампера 5DR",2,111.38
"General Motors",AVEO,95229053,"Заглушка переднего бампера",13,119.18
HYUNDAI/KIA,SOLARIS,86563-1R000,"Заглушка против. фары левая",6,79.92
"General Motors",AVEO,96694767,"Заглушка против. фары левая",3,199.66
"General Motors",AVEO,96694768,"Заглушка против. фары левая",6,248.83
HYUNDAI/KIA,i30,86564-2L000,"Заглушка против. фары правая",1,51.9
"General Motors",AVEO,96694773,"Заглушка против. фары правая",6,212.36
HYUNDAI/KIA,"i30 NEW",86564-A6000,"Заглушка против. фары правая",1,346.14
HYUNDAI/KIA,"SANTA FE NEW",86523-2B700,"ЗАГЛУШКА ПТФ ЛЕВАЯ",1,76.42
HYUNDAI/KIA,"SANTA FE NEW",86524-2B700,"ЗАГЛУШКА ПТФ ПРАВАЯ",3,80.74
HYUNDAI/KIA,SOLARIS,81410-1R030,"ЗАМОК ЗАДНЕЙ ЛЕВОЙ ДВЕРИ",4,761.97
HYUNDAI/KIA,SONATA,81130-34000,"ЗАМОК КАПОТА",1,103.07
HYUNDAI/KIA,SONATA,81130-34501,"ЗАМОК КАПОТА SON-3",1,40.51
HYUNDAI/KIA,SOLARIS,81230-1R000,"Замок крышки багажника (седан)",2,469.02
"General Motors",AVEO,95025308,"защита двигателя",2,223.35
HYUNDAI/KIA,IX35,29110-2Y500,"ЗАЩИТА ДВИГАТЕЛЯ",1,3447.48
"General Motors",AVEO,96872981,"ЗАЩИТА КАПОТА",2,859.91
HYUNDAI/KIA,"SPORTAGE R",81125-3U000,"ЗАЩИТА КАПОТА",8,1982.29
"General Motors",AVEO,95961448,"ЗАЩИТА РАДИАТОРА ВЕРХ",3,364.59
"General Motors",AVEO,95961450,"ЗАЩИТА РАДИАТОРА НИЗ",7,485.07
HYUNDAI/KIA,,87620-2D540,"ЗЕРКАЛO ПРАВОЕ",2,1577.38
HYUNDAI/KIA,"SPORTAGE R",87610-3U230,ЗЕРКАЛО,4,8854.26
HYUNDAI/KIA,"SPORTAGE R",87620-3U230,ЗЕРКАЛО,1,9183.58
HYUNDAI/KIA,i30,87610-2L2202R,Зеркало,2,4738.6
HYUNDAI/KIA,"SANTA FE NEW",87620-2B560,"Зеркало  правое электро c повтор.",1,6268.47
HYUNDAI/KIA,GETZ,87610-1C310,"ЗЕРКАЛО БОКОВОЕ ЕЛЕКТРО ЛЕВОЕ",9,2193.13
HYUNDAI/KIA,"SANTA FE NEW",87610-2B000,"Зеркало боковое левое электро",5,6842.62
HYUNDAI/KIA,"SANTA FE NEW",87610-2B680,"Зеркало боковое левое электро",9,7124.9
HYUNDAI/KIA,PICANTO,87620-07660,"ЗЕРКАЛО БОКОВОЕ-ПРАВОЕ ЭЛЕКТРО",1,1962.02
HYUNDAI/KIA,"SANTA FE",87620-26401,"ЗЕРКАЛО БОКОВОЕ-ПРАВОЕ ЭЛЕКТРО",1,2941.14
HYUNDAI/KIA,TUCSON,87610-2E360CA,"ЗЕРКАЛО ЛЕВОЕ",1,1847.58
HYUNDAI/KIA,SOLARIS,87610-4L030,"ЗЕРКАЛО ЛЕВОЕ",12,2744.18
HYUNDAI/KIA,ELANTRA,87610-2D120,"ЗЕРКАЛО ЛЕВОЕ",2,2391.14
HYUNDAI/KIA,"i30 NEW",87610-A6040,"Зеркало левое",1,4558.26
HYUNDAI/KIA,IX35,87610-2Y000,"ЗЕРКАЛО ЛЕВОЕ HEATED REPEATER",2,4886.93
HYUNDAI/KIA,SOLARIS,87610-4L040,"ЗЕРКАЛО ЛЕВОЕ С ПОВТ",13,2601.14
HYUNDAI/KIA,CERATO,87610-1M205,"ЗЕРКАЛО ЛЕВОЕ ЭЛЕКТРО 4DR С ПОВТОР СКЛАД",1,6276.71
HYUNDAI/KIA,ELANTRA,87610-2D000NW,"ЗЕРКАЛО НАР.ЛЕВ МЕХАНИКА",2,1003.27
HYUNDAI/KIA,ACCENT,87605-22201,"ЗЕРКАЛО НАРУЖНЕЕ - ЛЕВОЕ        ЭЛЕКТРО",1,489.78
HYUNDAI/KIA,"SONATA EF",87605-38700,"ЗЕРКАЛО НАРУЖНЕЕ - ЛЕВОЕ ЭЛЕКТРО C ПОД 4,5,",7,2896.3
HYUNDAI/KIA,ACCENT,87606-22821,"ЗЕРКАЛО НАРУЖНЕЕ - ПРАВОЕ механическое",2,526.41
HYUNDAI/KIA,ACCENT,87606-22900CA,"ЗЕРКАЛО НАРУЖНЕЕ -ПРАВОЕ      ЭЛЕКТРО",2,219.85
HYUNDAI/KIA,"SONATA EF",87606-38500,"ЗЕРКАЛО НАРУЖНЕЕ -ПРАВОЕ ЭЛЕКТРО С ПОД 4,5,",6,2371.16
HYUNDAI/KIA,CERATO,87620-2F302,"ЗЕРКАЛО НАРУЖНЕЕ ПР",2,2005.44
HYUNDAI/KIA,SOLARIS,87620-4L030,"ЗЕРКАЛО ПРАВОЕ",14,2726.06
HYUNDAI/KIA,"i30 NEW",87620-A6040,"Зеркало правое",2,4737.43
HYUNDAI/KIA,IX35,87620-2Y000,"ЗЕРКАЛО ПРАВОЕ HEATED REPEATER",1,7709.33
HYUNDAI/KIA,SPECTRA,0K2SA-69120XX,"ЗЕРКАЛО ПРАВОЕ МЕХ.",7,1200.6
HYUNDAI/KIA,SOLARIS,87620-4L040,"ЗЕРКАЛО ПРАВОЕ С ПОВТ",17,2467.83
HYUNDAI/KIA,CERATO,87620-1M035,"ЗЕРКАЛО ПРАВОЕ ЭЛЕКТРО 4DR СКЛАД",1,4998.35
HYUNDAI/KIA,CERATO,87606-1M000,"ЗЕРКАЛО ПРАВОЕ ЭЛЕКТРО KOUP",4,6402.86
HYUNDAI/KIA,"SANTA FE NEW",87620-2B540,"Зеркало правое электро с повтор складыв",3,6839.86
"General Motors",AVEO,96872987,"ИЗОЛЯТОР КРЫЛА ПЕРЕД ЛЕВОГО",4,293.85
"General Motors",AVEO,96872988,"ИЗОЛЯТОР КРЫЛА ПЕРЕД ПРАВОГО",5,250.24
HYUNDAI/KIA,IX35,84141-2Y000,"ИЗОЛЯТОР КРЫЛО ЛЕВЫЙ",2,791.05
HYUNDAI/KIA,"SPORTAGE R",84141-3U000,"ИЗОЛЯТОР КРЫЛО ЛЕВЫЙ",6,957.46
HYUNDAI/KIA,IX35,84142-2Y000,"ИЗОЛЯТОР КРЫЛО ПРАВЫЙ",3,1313.39
HYUNDAI/KIA,"SPORTAGE R",841423U000,"ИЗОЛЯТОР КРЫЛО ПРАВЫЙ",4,1072.93
HYUNDAI/KIA,IX35,84142-2Y000,"ИЗОЛЯТОР КРЫЛО ПРАВЫЙ",3,839.03
HYUNDAI/KIA,"SANTA FE NEW",66400-2B030,Капот,1,9800
HYUNDAI/KIA,"SANTA FE NEW",66400-2B500,Капот,2,9417.75
HYUNDAI/KIA,IX35,66400-2Y001,КАПОТ,6,9985.98
HYUNDAI/KIA,"i30 NEW",66400-A5000,КАПОТ,3,7048.83
"General Motors",AVEO,95102827,КАПОТ,3,7926.7
"General Motors",CRUZE,25182496,Катушка,2,1929.02
HYUNDAI/KIA,SOLARIS,27301-2B100,"КАТУШКА ЗАЖИГАНИЯ",1,713.95
HYUNDAI/KIA,VERNA,22211-26600,"клапан впускной",5,84.98
HYUNDAI/KIA,PORTER,22211-42860,"КЛАПАН ВПУСКНОЙ",8,123.09
"General Motors",CRUZE,55557862,"Клапан впускной",20,179.05
HYUNDAI/KIA,"SANTA FE NEW",22212-2F010,"КЛАПАН ВЫПУСК",12,239.26
HYUNDAI/KIA,CERATO,22212-25002,"КЛАПАН ВЫПУСКНОЙ",16,112.02
"General Motors",CRUZE,55558728,"Клапан выпускной",22,311.02
HYUNDAI/KIA,PORTER,82319-43000,"КЛИПСА ОБИВКИ ДВЕРИ",20,7.52
HYUNDAI/KIA,SOLARIS,93580-1R000,"КНОПКА СТЕКЛОПОДЪЕМНИКА",10,250.55
"General Motors",CRUZE,13267630,Кожух,2,1858.91
"General Motors",AVEO,95018151,"Кожух вентилятора радиатора",1,2474.57
HYUNDAI/KIA,SOLARIS,81235-1R000,"Кожух замка крышки багажника (седан)",3,28.13
HYUNDAI/KIA,SOLARIS,21350-2B701,"Кожух мотора",11,3975.78
HYUNDAI/KIA,SOLARIS,51755-1R000,"КОЖУХ ТОМОЗНОГО ДИСКА ПЕРЕДНИЙ ЛЕВЫЙ",3,83.79
"General Motors",CRUZE,13324458,"КОЖУХ ТОРМОЗНОЙ ПЕР ЛЕВ",1,325.62
HYUNDAI/KIA,VERNA,28310-26653,"КОЛЛЕКТОР ВПУСКНОЙ",8,2706.5
"General Motors",CRUZE,20789468,Колодки,10,2836.77
"General Motors",CRUZE,13411380,Колодки,7,2202.54
HI-TEC,AVANTE,58115-2D300,"КОЛОДКИ ПЕРЕДНИЕ",5,200.4
HYUNDAI/KIA,"SORENTO R",58101-2PA70,"КОЛОДКИ ПЕРЕДНИЕ",150,1766.21
PSW/Hi-Tec,,DWB-PH22,"Колодки передние ДИСКОВЫЕ",16,247.78
HI-TEC,"SONATA NF",58302-3KA51,"КОЛОДКИ ТОРМ ЗАДНИЕ ДИСК",6,142.97
HI-TEC,"SONATA NF",DWB-PH33,"КОЛОДКИ ТОРМ ПЕРЕДНИЕ ",2,409.69
HYUNDAI/KIA,,58302-2LA00,"КОЛОДКИ ТОРМОЗНЫЕ ЗАДНИЕ 4WD",29,1093.98
"General Motors",AVEO,95231476,"КОЛОДКИ ТОРМОЗНЫЕ ЗАДНИЕ БАРАБАН",5,2016.51
HI-TEC,SPECTRA,DWB-LK05,"КОЛОДКИ ТОРМОЗНЫЕ ЗАДНИЕ-БАРАБАННЫЕ",6,321.74
HI-TEC,SPECTRA,DWB-LK05,"КОЛОДКИ ТОРМОЗНЫЕ ЗАДНИЕ-БАРАБАННЫЕ",19,324.96
HI-TEC,CERATO,DWB-PK28,"КОЛОДКИ ТОРМОЗНЫЕ ПЕРЕДНИЕ",4,393.46
HYUNDAI/KIA,CERATO,58101-1MA00,"КОЛОДКИ ТОРМОЗНЫЕ ПЕРЕДНИЕ",35,1783.7
HYUNDAI/KIA,,58101-2YA00,"КОЛОДКИ ТОРМОЗНЫЕ ПЕРЕДНИЕ",7,1928.09
HYUNDAI/KIA,"i30 NEW",58101-A6A00,"КОЛОДКИ ТОРМОЗНЫЕ ПЕРЕДНИЕ",1,3125.9
HI-TEC,SONATA,DWB-PH02,"КОЛОДКИ ТОРМОЗНЫЕ ПЕРЕДНИЕ  -01",19,221.35
HI-TEC,RIO,K0BA2-33-28Z,"КОЛОДКИ ТОРМОЗНЫЕ ПЕРЕДНИЕ -0207",1,486
"General Motors",CRUZE,13412810,"КОЛОДКИ ТОРМОЗНЫЕ ПЕРЕДНИЕ R16",10,2762.88
HYUNDAI/KIA,ELANTRA,52960-2D200,"КОЛПАК СТАЛЬНОГО ДИСКА R14",3,102.59
HYUNDAI/KIA,VERNA,23040-26001,"КОЛЬЦА ПОРШНЕВЫЕ 1,5L-DOHC",1,947.43
HYUNDAI/KIA,CERATO,23040-2G000,"КОЛЬЦА ПОРШНЕВЫЕ 2,0",2,2256.74
"General Motors",CRUZE,9114703,"КОЛЬЦО БАЧКА ОМЫВАТЕЛЯ",10,124.18
HYUNDAI/KIA,SOLARIS,28768-0U000,"кольцо крепления глушителя (РЕЗОНАТОРА)",1,22.88
HYUNDAI/KIA,CERATO,54633-2M000,"КОЛЬЦО ПЕРЕД ПРУЖИНЫ НИЗ",12,292.39
HYUNDAI/KIA,"ELANTRA NEW",54633-3X000,"КОЛЬЦО ПРУЖИНЫ ПЕРЕД НИЗ",37,63.43
HYUNDAI/KIA,"SONATA EF",51718-2D030,"Кольцо стопорное",4,26.34
HYUNDAI/KIA,SOLARIS,25623-2B000,"Кольцо уплотнительное системы охлаждения 1,4/1,6",10,31.42
HYUNDAI/KIA,SPORTAGE,0K011-37-184B,"Кольцо-Крепление колпака стальн.диска",1,24.43
PMC,"ELANTRA NEW",20910-33A10,"Комплект прокладок",1,394.21
PMC,SONATA,20910-32F02,"КОМПЛЕКТ ПРОКЛАДОК ДВИГАТЕЛЯ-SOHC",1,297.32
HYUNDAI/KIA,"SONATA EF",84750-3D200LK,консоль,1,981.54
HYUNDAI/KIA,"SONATA EF",84770-38000TI,"КОНСОЛЬ-НИЖНЯЯ ЧАСТЬ ЦЕНТРАЛЬНАЯ коричневая",1,
HYUNDAI/KIA,SOLARIS,93490-0U010,"КОНТАКТНАЯ ГРУППА AIR BAG",19,661.94
"General Motors",CRUZE,25185062,Корзина,6,2060.73
"General Motors",CRUZE,25185062,Корзина,6,2643.48
VALEO,,VKD22659,"КОРЗИНА СЦЕПЛЕНИЯ ",1,850
SECO,SPORTAGE,"KSR 4018","Корзина сцепления БЕНЗИН DOHC 2,0L-DIESEL",2,696.09
"General Motors",CRUZE,13324645,"КОРПУС ВОЗД ФИЛЬТРА ВЕРХ",9,405.35
"General Motors",CRUZE,13324644,"КОРПУС ВОЗД ФИЛЬТРА НИЗ",8,512.74
HYUNDAI/KIA,VERNA,43115-22616,"корпус коробки",1,4080.44
HYUNDAI/KIA,"SONATA EF",43115-39004,"КОРПУС КОРОБКИ ПЕРЕДАЧ",1,7847.77
HYUNDAI/KIA,VERNA,43253-34160,"КПП ПОДШИПНИК ВТОРИЧНОГО ВАЛА",10,66.32
HYUNDAI/KIA,CERATO,86613-1M000,"КРОНШТЕЙН ЗАД БАМП ЛЕВ",1,134.21
HYUNDAI/KIA,CERATO,86613-1M300,"КРОНШТЕЙН ЗАД БАМП ЛЕВ KOUP",1,124.02
HYUNDAI/KIA,CERATO,86614-1M000,"КРОНШТЕЙН ЗАД БАМП ПРАВ",2,84.01
HYUNDAI/KIA,"SPORTAGE R",86613-3U000,"КРОНШТЕЙН ЗАД БАМПЕРА ЛЕВ",6,454.58
HYUNDAI/KIA,IX35,86613-2Y000,"КРОНШТЕЙН ЗАД БАМПЕРА ЛЕВ",13,350.35
HYUNDAI/KIA,IX35,86614-2Y000,"КРОНШТЕЙН ЗАД БАМПЕРА ПРАВ",16,349.73
HYUNDAI/KIA,SOLARIS,86633-1R000,"Кронштейн заднего бампера",20,23.02
HYUNDAI/KIA,SOLARIS,86635-1R000,"Кронштейн заднего бампера",7,26.12
HYUNDAI/KIA,"SONATA YF",86613-3S000,"КРОНШТЕЙН ЗАДНЕГО БАМПЕРА ЛЕВ",6,196.55
HYUNDAI/KIA,"SONATA YF",86613-3S010,"КРОНШТЕЙН ЗАДНЕГО БАМПЕРА ЛЕВ",3,221.65
"General Motors",AVEO,95936814,"Кронштейн заднего бампера левый",6,244.23
HYUNDAI/KIA,"i30 NEW",86613-A6000,"Кронштейн заднего бампера левый",3,356.4
HYUNDAI/KIA,"i30 NEW",86614-A6000,"Кронштейн заднего бампера левый",3,356.72
HYUNDAI/KIA,"SPORTAGE R",86615-3U000,"КРОНШТЕЙН ЗАДНЕГО БАМПЕРА ЛЕВЫЙ 2",20,50.4
HYUNDAI/KIA,SOLARIS,86613-4L200,"Кронштейн заднего бампера левый 5DR",6,440.41
"General Motors",AVEO,95916507,"Кронштейн заднего бампера левый 5DR",5,93.09
HYUNDAI/KIA,"SONATA YF",86614-3S000,"КРОНШТЕЙН ЗАДНЕГО БАМПЕРА ПРАВ",8,203.58
HYUNDAI/KIA,"SONATA YF",86614-3S010,"КРОНШТЕЙН ЗАДНЕГО БАМПЕРА ПРАВ",3,299.42
"General Motors",AVEO,95936815,"Кронштейн заднего бампера правый",7,244.21
HYUNDAI/KIA,"SPORTAGE R",86616-3U000,"КРОНШТЕЙН ЗАДНЕГО БАМПЕРА ПРАВЫЙ 2",20,39.69
HYUNDAI/KIA,SOLARIS,86614-4L200,"Кронштейн заднего бампера правый 5DR",8,445.23
"General Motors",AVEO,95019920,"Кронштейн корпуса фары левый",6,103.06
"General Motors",AVEO,95019921,"Кронштейн корпуса фары правый",8,129.78
HYUNDAI/KIA,"LANTRA -96",25332-28000,"КРОНШТЕЙН КРЕПЛЕНИЯ РАДИАТОРА ВЕРХНИЙ",1,66.93
HYUNDAI/KIA,"i30 NEW",84116-A6000,"КРОНШТЕЙН КРЫЛА ЛЕВ",6,769.34
HYUNDAI/KIA,"i30 NEW",84126-A6000,"КРОНШТЕЙН КРЫЛА ПРАВ",5,769.97
HYUNDAI/KIA,IX35,66317-2S000,"КРОНШТЕЙН КРЫЛО ЛЕВЫЙ",1,36.83
"General Motors",AVEO,95019919,"Кронштейн нижний левый",10,110.36
"General Motors",AVEO,95019918,"Кронштейн нижний правый",5,99.04
"General Motors",CRUZE,13248507,"кронштейн опоры двигателя правый",2,2188.09
"General Motors",CRUZE,13248670,"кронштейн опоры кпп задний ат -11",1,2125.34
"General Motors",AVEO,95462002,"КРОНШТЕЙН ПЕР ЛЕВ КРЫЛА",5,54.05
"General Motors",AVEO,95462003,"КРОНШТЕЙН ПЕР ПРАВ КРЫЛА",5,52.3
HYUNDAI/KIA,IX35,86513-2Y000,"КРОНШТЕЙН ПЕРЕДНЕГО БАМПЕРА ЛЕВЫЙ",32,254.17
HYUNDAI/KIA,IX35,86514-2Y000,"КРОНШТЕЙН ПЕРЕДНЕГО БАМПЕРА ПРАВЫЙ",29,282.83
HYUNDAI/KIA,"ELANTRA NEW",62476-2H000,"КРОНШТЕЙН ПОДРАМНИКА ЛЕВ",2,180.77
HYUNDAI/KIA,IX35,25333-2S100,"КРОНШТЕЙН РАДИАТОРА",7,71.9
HYUNDAI/KIA,IX35,86353-2Y000,"Кронштейн решетки радиатора",2,899.3
"General Motors",AVEO,95026539,"Кронштейн центр перед панели",10,304.42
"General Motors",AVEO,96695218,"Кронштейн юбки перед бампера левый",8,78.17
"General Motors",AVEO,96695219,"Кронштейн юбки перед бампера правый",9,78.45
"General Motors",CRUZE,95963447,Крыло,6,4604.3
"General Motors",CRUZE,95963448,крыло,8,4208.27
HYUNDAI/KIA,IX35,71503-2YC00,"КРЫЛО ЗАД ЛЕВОЕ",2,15425.29
HYUNDAI/KIA,"SPORTAGE R",71503-3UC00,"КРЫЛО ЗАД ЛЕВОЕ",7,17123.61
HYUNDAI/KIA,"SANTA FE NEW",71503-2BC50,"КРЫЛО ЗАД ЛЕВОЕ",2,16053.31
HYUNDAI/KIA,IX35,71504-2YC00,"КРЫЛО ЗАД ПРАВОЕ",10,15425.29
HYUNDAI/KIA,"SPORTAGE R",71504-3UC00,"КРЫЛО ЗАД ПРАВОЕ",9,17101.71
HYUNDAI/KIA,,71504-3WC00,"КРЫЛО ЗАД ПРАВОЕ",4,16521.75
HYUNDAI/KIA,"SONATA EF",71630-3D050,"КРЫЛО ЗАДНЕЕ ВНУТР ЧАСТЬ ЛЕВ",1,3762.6
HYUNDAI/KIA,"SONATA EF",71640-3D050,"КРЫЛО ЗАДНЕЕ ВНУТР ЧАСТЬ ПРАВ",1,2689.48
HYUNDAI/KIA,MAGENTIS,71503-38C10,"КРЫЛО ЗАДНЕЕ ЛЕВОЕ",1,5743.08
HYUNDAI/KIA,"ELANTRA NEW",71503-2DA10,"КРЫЛО ЗАДНЕЕ ЛЕВОЕ",2,9952.53
HYUNDAI/KIA,SOLARIS,71503-4LC00,"КРЫЛО ЗАДНЕЕ ЛЕВОЕ",1,11431.51
HYUNDAI/KIA,"ELANTRA NEW",71503-2HC20,"Крыло заднее левое",4,13504.12
HYUNDAI/KIA,CERATO,71503-2FC10,"КРЫЛО ЗАДНЕЕ ЛЕВОЕ",2,10972.16
HYUNDAI/KIA,"RIO 3",71503-1GC60,"КРЫЛО ЗАДНЕЕ ЛЕВОЕ",2,6959.63
"General Motors",AVEO,95917096,"КРЫЛО ЗАДНЕЕ ЛЕВОЕ",2,10354.56
HYUNDAI/KIA,"RIO 3",71503-1GC10,"Крыло заднее левое 4DR",1,9266.2
"General Motors",CRUZE,95218141,"КРЫЛО ЗАДНЕЕ ЛЕВОЕ 4DR",8,10384.28
"General Motors",CRUZE,95479662,"КРЫЛО ЗАДНЕЕ ЛЕВОЕ 5DR",4,10558.17
HYUNDAI/KIA,"i30 NEW",71503-A6C00,"КРЫЛО ЗАДНЕЕ ЛЕВОЕ 5DR",2,11165.13
HYUNDAI/KIA,"ELANTRA NEW",71504-2DA20,"КРЫЛО ЗАДНЕЕ ПРАВОЕ",2,11862.42
HYUNDAI/KIA,"ELANTRA NEW",71504-2HC20,"КРЫЛО ЗАДНЕЕ ПРАВОЕ",8,10411.09
"General Motors",AVEO,95917097,"КРЫЛО ЗАДНЕЕ ПРАВОЕ",4,15001.55
HYUNDAI/KIA,"SANTA FE NEW",71504-2BC50,"Крыло заднее правое",3,16018.61
HYUNDAI/KIA,"RIO 3",71504-1GC10,"Крыло заднее правое 4DR",1,8257.28
"General Motors",CRUZE,95218142,"КРЫЛО ЗАДНЕЕ ПРАВОЕ 4DR",9,10639.82
HYUNDAI/KIA,"RIO 3",71504-1GC60,"Крыло заднее правое 5DR",1,10299.76
HYUNDAI/KIA,"i30 NEW",71504-A6C00,"КРЫЛО ЗАДНЕЕ ПРАВОЕ 5DR",1,11180.87
"General Motors",CRUZE,95479663,"КРЫЛО ЗАДНЕЕ ПРАВОЕ 5DR",4,12135.28
HYUNDAI/KIA,SOLARIS,71504-4LC20,"КРЫЛО ЗАДНЕЕ ПРАВОЕ 5DR",4,11933.03
HYUNDAI/KIA,"SONATA EF",71503-3DB00,"КРЫЛО ЗАДНЕЕ-ЛЕВОЕ",6,10802.61
HYUNDAI/KIA,CERATO,71503-1MC10,"КРЫЛО ЗАДНЕЕ-ЛЕВОЕ",1,11996.49
HYUNDAI/KIA,SONATA,71503-345A0,"КРЫЛО ЗАДНЕЕ-ЛЕВОЕ 3",1,4588.2
HYUNDAI/KIA,RIO,0K3Y1-71-300A,"КРЫЛО ЗАДНЕЕ-ЛЕВОЕ 4DR",1,3299.64
HYUNDAI/KIA,VERNA,71504-250B0,"КРЫЛО ЗАДНЕЕ-ПРАВОЕ",4,7522
HYUNDAI/KIA,"SONATA EF",71504-3DB00,"КРЫЛО ЗАДНЕЕ-ПРАВОЕ",5,11225.9
HYUNDAI/KIA,CERATO,71504-1MC10,"КРЫЛО ЗАДНЕЕ-ПРАВОЕ",1,12735.36
HYUNDAI/KIA,"ELANTRA NEW",66311-2H022,"КРЫЛО ЛЕВОЕ",5,3978.28
HYUNDAI/KIA,SOLARIS,66311-4L050,"Крыло переднее левое",11,2226.48
HYUNDAI/KIA,RIO,0K30C-52-211,"Крыло переднее левое РИО 1",1,728.42
HYUNDAI/KIA,SOLARIS,66311-4L000,"Крыло переднее левое С ПОВТОРИТ",2,3756.51
HYUNDAI/KIA,"i30 NEW",66311-A6000,"Крыло переднее левое С ПОВТОРИТ",5,4705.52
HYUNDAI/KIA,SOLARIS,66321-4L050,"Крыло переднее правое",1,2176.59
HYUNDAI/KIA,"SPORTAGE R",66321-3W100,"КРЫЛО ПЕРЕДНЕЕ ПРАВОЕ",2,1991.6
HYUNDAI/KIA,SOLARIS,66321-4L000,"Крыло переднее правое С ПОВТОРИТ",1,2750.43
HYUNDAI/KIA,"i30 NEW",66321-A6000,"Крыло переднее правое С ПОВТОРИТ",5,5146.24
HYUNDAI/KIA,GETZ,66311-1C350D,"КРЫЛО ПЕРЕДНЕЕ-ЛЕВОЕ",1,2003.72
HYUNDAI/KIA,CERATO,66311-1M240,"КРЫЛО ПЕРЕДНЕЕ-ЛЕВОЕ",1,2808.71
HYUNDAI/KIA,,66311-34001,"КРЫЛО ПЕРЕДНЕЕ-ЛЕВОЕ ",1,1791.16
HYUNDAI/KIA,PICANTO,66311-07630,"КРЫЛО ПЕРЕДНЕЕ-ЛЕВОЕ 08-",3,1725.81
HYUNDAI/KIA,CERATO,66321-1M240,"КРЫЛО ПЕРЕДНЕЕ-ПРАВОЕ",5,2717.36
HYUNDAI/KIA,PICANTO,66321-07630,"КРЫЛО ПЕРЕДНЕЕ-ПРАВОЕ 08-",1,1923.93
HYUNDAI/KIA,"ELANTRA NEW",66321-2H022,"КРЫЛО ПРАВОЕ",7,3149.75
HYUNDAI/KIA,VERNA,67111-25001,КРЫША,4,5551.21
HYUNDAI/KIA,"ELANTRA NEW",67111-2D000,КРЫША,3,8475.83
HYUNDAI/KIA,IX35,67111-2S000,КРЫША,1,14167.43
HYUNDAI/KIA,"SONATA YF",67111-3S010,КРЫША,4,13002.94
HYUNDAI/KIA,"ELANTRA NEW",67111-2H000,"Крыша (С УЦЕНКОЙ, ДЕФФЕКТ)",4,6873.86
"General Motors",CRUZE,95987653,"КРЫША 4DR",5,12821.16
HYUNDAI/KIA,SOLARIS,67111-4L200,"Крыша 5DR",5,11242.36
"General Motors",CRUZE,95951789,"КРЫША 5DR",1,15956.92
"General Motors",CRUZE,24243521,Крышка,3,66.91
HYUNDAI/KIA,CERATO,69200-1M030,"КРЫШКА БАГАЖНИКА ",1,10455.61
HYUNDAI/KIA,CERATO,69200-1M200,"КРЫШКА БАГАЖНИКА",3,9766.07
"General Motors",AVEO,95379788,"КРЫШКА БАГАЖНИКА",5,11773.98
HYUNDAI/KIA,SOLARIS,73700-4L210,"Крышка багажника (ХЕТЧБЭК) ПОД",4,14101.96
HYUNDAI/KIA,AVANTE,69200-29010,"КРЫШКА БАГАЖНИКА 4-DR",1,2584.03
HYUNDAI/KIA,VERNA,69200-25520,"КРЫШКА БАГАЖНИКА 4DR",2,5334
HYUNDAI/KIA,"SONATA EF",69200-3D061,"КРЫШКА БАГАЖНИКА 5",1,6083
HYUNDAI/KIA,,69200-3D021,"КРЫШКА БАГАЖНИКА 5",1,5540.8
"General Motors",AVEO,96694761,"Крышка замка капота",4,888.58
HYUNDAI/KIA,VERNA,25330-25000,"Крышка радиатора",10,106.29
"General Motors",CRUZE,55354834,"крышка ремня грм передняя ниж",1,394.6
HYUNDAI/KIA,"CERATO 2013",62405-A7000,"КУЗОВНАЯ РАМА",1,8015.35
HYUNDAI/KIA,"SONATA EF",52720-38200,"КУЛАК  ЗАДНИЙ-ПРАВЫЙ АБС",1,2518.24
HYUNDAI/KIA,SPECTRA,0K2A3-26120D,"КУЛАК ЗАД ЛЕВЫЙ ABS ДИСК",2,1211.08
HYUNDAI/KIA,"SPORTAGE R",51716-3U000,"КУЛАК ПЕР ПРАВЫЙ",4,1303.12
"General Motors",CRUZE,13319480,"КУЛАК ПОВОРОТНЫЙ ПЕРЕД ЛЕВЫЙ",2,3375.29
"General Motors",CRUZE,13319482,"КУЛАК ПОВОРОТНЫЙ ПЕРЕД ЛЕВЫЙ",2,2472.51
HYUNDAI/KIA,SOLARIS,51715-1R500,"кулак поворотный перед левый.",3,1491.59
"General Motors",CRUZE,13319481,"КУЛАК ПОВОРОТНЫЙ ПЕРЕД ПРАВЫЙ",2,2980.52
"General Motors",CRUZE,13319483,"КУЛАК ПОВОРОТНЫЙ ПЕРЕД ПРАВЫЙ",2,3182.21
HYUNDAI/KIA,"SONATA EF",18647-55007L,"ЛАМПА ГАЛОГЕНОВАЯ ПРОТ ФАРЫ",2,237.04
HYUNDAI/KIA,"SPORTAGE R",64501-3U000,ЛАНЖЕРОН,1,5445.26
HYUNDAI/KIA,SOLARIS,64510-4L000,"Ланжерон верх левый",4,3285.8
HYUNDAI/KIA,SOLARIS,64520-4L000,"Ланжерон верх правый",3,2092.11
HYUNDAI/KIA,"SONATA EF",64501-3D100,"ЛАНЖЕРОН ВЕРХ ЧАСТЬ -ЛЕВЫЙ",1,1885.87
HYUNDAI/KIA,CERATO,64501-1M010,"ЛАНЖЕРОН ВЕРХ ЧАСТЬ -ЛЕВЫЙ",2,3896
HYUNDAI/KIA,SONATA,64501-34101,"ЛАНЖЕРОН ВЕРХ ЧАСТЬ -ЛЕВЫЙ 2",3,2363.17
HYUNDAI/KIA,SONATA,64501-34510,"ЛАНЖЕРОН ВЕРХ ЧАСТЬ -ЛЕВЫЙ 3",1,2813.64
HYUNDAI/KIA,AVANTE,64502-29010,"ЛАНЖЕРОН ВЕРХ ЧАСТЬ -ПРАВЫЙ",1,898.79
HYUNDAI/KIA,SONATA,64502-34510,"ЛАНЖЕРОН ВЕРХ ЧАСТЬ -ПРАВЫЙ 3",1,2021.63
HYUNDAI/KIA,SOLARIS,64605-4L000,"ЛАНЖЕРОН НИЖ ЧАСТЬ ЛЕВЫЙ",2,10351.54
HYUNDAI/KIA,SOLARIS,64606-4L000,"ЛАНЖЕРОН НИЖ ЧАСТЬ ПРАВЫЙ",2,9796.73
HYUNDAI/KIA,SONATA,64630-34101,"ЛАНЖЕРОН НИЖНЯЯ ЧАСТЬ -ЛЕВЫЙ 2",2,3238.52
HYUNDAI/KIA,SONATA,64640-34100,"ЛАНЖЕРОН НИЖНЯЯ ЧАСТЬ -ПРАВЫЙ 2",1,2381.84
HYUNDAI/KIA,SOLARIS,81250-1RA00,"ЛИЧИНКА КРЫШКИ БАГАЖНИКА СЕДАН",16,165.17
HYUNDAI/KIA,SOLARIS,81980-1RA00,"ЛИЧИНКА ПЕРЕДНЕЙ ПРАВОЙ ДВЕРИ",20,2136.91
HYUNDAI/KIA,"ELANTRA NEW",69510-2H001,"ЛЮЧОК БЕНЗОБАКА",2,294.11
"General Motors",AVEO,95485457,"ЛЮЧОК БЕНЗОБАКА",4,328.35
HYUNDAI/KIA,SOLARIS,69510-0U000,"Лючок бензобака (седан)",3,177.17
"General Motors",CRUZE,55574221,"МАСЛОСЪЕМНЫЙ КОЛПАЧЕК 1,6 1,8",43,22.17
HYUNDAI/KIA,"ELANTRA NEW",23200-2B000,"маховик двигателя",4,2068.33
HYUNDAI/KIA,SOUL,23200-2B001,"маховик двигателя",4,1118.48
HYUNDAI/KIA,"ELANTRA NEW",82402-29031,"Механизм стеклопод правый мех",1,828.7
HYUNDAI/KIA,CERATO,83402-1M010,"МЕХАНИЗМ СТЕКЛОПОДЪЕМНИКА -зад. ПРАВЫЙ",1,695.11
HYUNDAI/KIA,SONATA,83401-34030,"МЕХАНИЗМ СТЕКЛОПОДЪЕМНИКА -ЗАД.ЛЕВЫЙ С МОТОРОМ",1,1110.82
HYUNDAI/KIA,CERATO,82402-1M010,"МЕХАНИЗМ СТЕКЛОПОДЪЕМНИКА -ПЕР. ПРАВЫЙ",3,851.46
HYUNDAI/KIA,VERNA,87731-25000,МОЛДИНГ,3,124.02
HYUNDAI/KIA,"SPORTAGE R",86362-3W000,МОЛДИНГ,3,258.85
HYUNDAI/KIA,"SPORTAGE R",86363-3W000,МОЛДИНГ,3,44.85
HYUNDAI/KIA,"SONATA EF",86571-3D000,"МОЛДИНГ  ПЕР БАМПЕРА ЛЕВ",1,307.7
HYUNDAI/KIA,SPORTAGE,OK019-51-691,"Молдинг - перед.лев.крыло -99",1,62.39
HYUNDAI/KIA,VERNA,87130-25000,"МОЛДИНГ ЗАДНЕГО СТЕКЛА",7,161.64
"General Motors",AVEO,95473904,"Молдинг заднего стекла",3,349.91
HYUNDAI/KIA,RIO,"0K30A 50 610F","МОЛДИНГ ЗАДНЕГО СТЕКЛА 4DR",1,143.34
HYUNDAI/KIA,"SANTA FE NEW",87770-2B000,"Молдинг задней левой двери",3,418.95
HYUNDAI/KIA,"SANTA FE NEW",87780-2B000,"Молдинг задней правой двери",1,488.62
HYUNDAI/KIA,"RIO 3",87732-1G010,"МОЛДИНГ ЗАДНЕЙ ПРАВОЙ ДВЕРИ -09",1,199.72
HYUNDAI/KIA,,87261-2C001,"МОЛДИНГ КРЫШИ",1,1050.24
HYUNDAI/KIA,CERATO,87251-1M000,"МОЛДИНГ КРЫШИ ЛЕВ",1,531.71
HYUNDAI/KIA,CERATO,87251-1M200,"МОЛДИНГ КРЫШИ ЛЕВ",1,1092.23
HYUNDAI/KIA,"SPORTAGE R",87230-3W000,"МОЛДИНГ КРЫШИ ЛЕВ",3,1524.07
HYUNDAI/KIA,"SPORTAGE R",87230-3W010,"МОЛДИНГ КРЫШИ ЛЕВ",1,908.84
HYUNDAI/KIA,"i30 NEW",87251-A5000,"МОЛДИНГ КРЫШИ ЛЕВ",1,966.27
HYUNDAI/KIA,"ELANTRA NEW",87251-2H000,"Молдинг крыши левый",6,1057.13
HYUNDAI/KIA,SOLARIS,87241-4L000,"МОЛДИНГ КРЫШИ ПРАВ",1,769.16
HYUNDAI/KIA,"SPORTAGE R",87240-3W000,"МОЛДИНГ КРЫШИ ПРАВ",2,1169.79
HYUNDAI/KIA,"ELANTRA NEW",87261-2H000,"Молдинг крыши правый",2,381.51
HYUNDAI/KIA,VERNA,86131-25500,"МОЛДИНГ ЛОБОВОГО СТЕКЛА",10,222.88
HYUNDAI/KIA,MAGENTIS,86137-3C000,"МОЛДИНГ ЛОБОВОГО СТЕКЛА",1,366.56
HYUNDAI/KIA,"SONATA YF",86131-3S000,"МОЛДИНГ ЛОБОВОГО СТЕКЛА ЛЕВ",5,164.74
HYUNDAI/KIA,"ELANTRA NEW",87723-3C020,"МОЛДИНГ ПЕР ЛЕВ ДВЕРИ",1,1064.93
HYUNDAI/KIA,"SANTA FE NEW",87750-2B000,"Молдинг передней левой двери",7,1964.58
HYUNDAI/KIA,"SANTA FE NEW",87760-2B000,"Молдинг передней правой двери",5,1423.76
HYUNDAI/KIA,SOLARIS,87131-1R000,"молдинг стекла заднего",5,163.18
HYUNDAI/KIA,SOLARIS,83210-1R000,"Молдинг стекла наружный задней левой двери",1,235.65
HYUNDAI/KIA,SOLARIS,82210-1R000,"Молдинг стекла наружный передней левой двери",9,225.43
HYUNDAI/KIA,"SONATA YF",82210-3S000,"МОЛДИНГ СТЕКЛА ПЕР ЛЕВ ДВЕРИ",3,316.08
HYUNDAI/KIA,"SONATA YF",82220-3S000,"МОЛДИНГ СТЕКЛА ПЕР ПРАВ ДВЕРИ",1,249.83
HYUNDAI/KIA,CERATO,82210-1M000,"МОЛДИНГ СТЕКЛА ПЕРЕД ЛЕВ",4,213.84
HYUNDAI/KIA,CERATO,82220-1M000,"МОЛДИНГ СТЕКЛА ПЕРЕД ПРАВ",1,202.08
HYUNDAI/KIA,SPORTAGE,OK019-51-693,"Молдинг- зад.лев..дверь  -99        верх",2,267.43
HYUNDAI/KIA,SPORTAGE,OK019-51-694,"Молдинг- зад.лев.крыло  -99        верх",2,87.82
HYUNDAI/KIA,SPORTAGE,OK019-51-682,"Молдинг- перед. Прав. Дверь -99  верх",1,306.13
HYUNDAI/KIA,,25386-2Y000,"МОТОР ВЕНТИЛЯТОРА ОХЛАЖДЕНИЯ",1,5648.23
HYUNDAI/KIA,SOLARIS,98700-1R000,"Мотор заднего стеклоочистителя",1,1152.71
"General Motors",CRUZE,13250356,"Мотор омыв.лоб.стекла",18,638.16
HYUNDAI/KIA,MOHAVE,98510-2J000,"Мотор омыв.лоб.стекла (5 ДВЕРЕЙ,ХЭТЧБЕК)",1,402.01
HYUNDAI/KIA,SOLARIS,82460-0U000,"Мотор стеклоподъёмника пер прав",4,554.21
HYUNDAI/KIA,SOLARIS,82450-0U000,"Мотор стеклоподъёмника пер.лев.",1,442.68
HYUNDAI/KIA,SOLARIS,98110-1R000,"Моторчик стеклоочистителя",4,989.05
HYUNDAI/KIA,CERATO,86695-1M010,"НАКЛАДКА ЗАД БАМПЕРА НИЗ",1,438.95
HYUNDAI/KIA,CERATO,86695-1M320,"НАКЛАДКА ЗАД БАМПЕРА НИЗ KOUP",1,2317.17
HYUNDAI/KIA,"SANTA FE NEW",87311-2B0006M,"Накладка задней 5-ой двери",2,226.61
HYUNDAI/KIA,SOLARIS,87616-1R010AMZH,"Накладка зеркала левая",5,133.66
HYUNDAI/KIA,SOLARIS,87616-1R020AMZH,"Накладка зеркала под повторит левая",5,137.61
HYUNDAI/KIA,SOLARIS,87626-1R020AMZH,"Накладка зеркала под повторит правая",5,112.77
HYUNDAI/KIA,SOLARIS,87626-1R010AMZH,"Накладка зеркала правая",5,309.88
HYUNDAI/KIA,"ELANTRA NEW",84140-2H200,"НАКЛАДКА ПЕРЕД. ПРАВ. КРЫЛА ПЛАСТИК",1,49.5
HYUNDAI/KIA,"SONATA YF",86382-3S000,НАКЛЕЙКА,1,57.75
HYUNDAI/KIA,"ELANTRA NEW",86381-2H000,"Наклейка зад лев центр",2,60.77
HYUNDAI/KIA,"ELANTRA NEW",86363-2H000,"Наклейка пер лев центр",5,51.19
HYUNDAI/KIA,SOLARIS,56820-0U500,"наконечник рулевой левый",87,353.25
HYUNDAI/KIA,SOLARIS,56820-0U590,"наконечник рулевой правый",122,362.87
"General Motors",AVEO,24405805,"Направляющая клапана",8,64.74
"General Motors",CRUZE,1334142,Насос,5,2843.64
HYUNDAI/KIA,VERNA,57100-22502,"НАСОС ГИДРОУСИЛИТЕЛЯ",1,2259.6
HYUNDAI/KIA,SOLARIS,85770-1R500,"Облицовка багажника задняя пластиковая на замок (седан)",16,1397.38
HYUNDAI/KIA,SOLARIS,85730-4L000RY,"облицовка багажника левая(седан)",3,2004.06
HYUNDAI/KIA,SOLARIS,85740-4L500RY,"облицовка багажника правая RDR",7,1848.1
HYUNDAI/KIA,"SPORTAGE R",81750-3U000WK,"ОБШИВКА 5-Й ДВЕРИ",3,3973.58
HYUNDAI/KIA,"ELANTRA NEW",85730-2H000MC,"Обшивка багажника левая",13,1976.46
HYUNDAI/KIA,"ELANTRA NEW",85740-2H000MC,"Обшивка багажника правая",8,768.34
HYUNDAI/KIA,DOPOLNENIE,85844-3E000,"ОБШИВКА СТОЙКИ",1,1060.29
HYUNDAI/KIA,"SPORTAGE R",79380-3W000,"ОГРАНИЧИТЕЛЬ ДВЕРИ",1,760.08
HYUNDAI/KIA,SOLARIS,79490-0U000,"ограничитель открывания двери задней правой",3,221.09
"General Motors",CRUZE,13248475,Опора,2,2089.09
"General Motors",CRUZE,13252362,"Опора заднего амортизатора CHEVROLET CRUZE заднего",8,813.2
HYUNDAI/KIA,"SPORTAGE R",54610-2Y100,"ОПОРНЫЙ ПОДШИПНИК",10,1080.17
HYUNDAI/KIA,CERATO,54610-1M000,"ОПОРНЫЙ ПОДШИПНИК ПЕРЕДНЕГО АМОРТИЗАТОРА",1,530.41
HYUNDAI/KIA,CERATO,55326-0Q000,"ОТБОЙНИК ЗАДНЕГО АМОРТИЗАТОРА",3,418.44
HYUNDAI/KIA,SOLARIS,55326-1M000,"ОТБОЙНИК ЗАДНЕЙ ПРУЖИНЫ НИЗ",26,302.66
"General Motors",AVEO,95214399,"ОТБОЙНИК ПЕРЕДНЕГО АМОРТИЗАТОРА",10,159.73
HYUNDAI/KIA,"SONATA EF",54626-38200,"ОТБОЙНИК ПЕРЕДНЕГО АМОРТИЗАТОРА 0006-",2,211.38
HYUNDAI/KIA,SOLARIS,54626-3X000,"ОТБОЙНИК ПЕРЕДНЕЙ ПРУЖИНЫ",28,256.59
HYUNDAI/KIA,RIO,0K30C-11201,"ПАЛЕЦ ПОРШНЯ",8,39.12
HYUNDAI/KIA,SOLARIS,71603-4L310,"ПАНЕЛЬ ВНУТР.ЧАСТЬ ЗАД.КРЫЛ.ЛЕВАЯ СЕДАН",1,8839.06
HYUNDAI/KIA,SOLARIS,71603-4L400,"ПАНЕЛЬ ВНУТР.ЧАСТЬ ЗАД.КРЫЛ.ЛЕВАЯ(5DR)",1,9482.81
HYUNDAI/KIA,SOLARIS,71604-4L400,"ПАНЕЛЬ ВНУТР.ЧАСТЬ ЗАД.КРЫЛ.ПРАВАЯ(5DR)",1,7905.39
HYUNDAI/KIA,"ELANTRA NEW",71575-2H100,"ПАНЕЛЬ ЗАД ФОНАРЯ ЛЕВ",2,453.93
HYUNDAI/KIA,"ELANTRA NEW",71585-2H100,"ПАНЕЛЬ ЗАД ФОНАРЯ ПРАВ",2,462.06
HYUNDAI/KIA,SPECTRA,0K2N2-70-750,"ПАНЕЛЬ ЗАДНЯЯ",2,2171.49
HYUNDAI/KIA,GETZ,69100-1C300,"ПАНЕЛЬ ЗАДНЯЯ",1,1690.65
"General Motors",AVEO,95262064,"Панель задняя",3,5319.01
HYUNDAI/KIA,"i30 NEW",69100-A6000,"Панель задняя",1,5386
"General Motors",CRUZE,95077586,"панель задняя 5dr",3,4539.13
HYUNDAI/KIA,AVANTE,69100-29251,"ПАНЕЛЬ ЗАДНЯЯ WAGON",1,514.2
HYUNDAI/KIA,"SONATA EF",85835-38000BT,"ПАНЕЛЬ ЛЕВОЙ СТОЙКИ-ПЛАСТИК КОРИЧНЕВЫЙ",1,300.73
"General Motors",CRUZE,13256258,"панель опорная фары левая",5,900.77
"General Motors",CRUZE,13256259,"панель опорная фары правая",4,877.99
HYUNDAI/KIA,MAGENTIS,84190-3C500,"ПАНЕЛЬ ПЕРЕД.-ВЕРХ. ЧАСТЬ",1,721.51
HYUNDAI/KIA,GETZ,64101-1C500,"ПАНЕЛЬ ПЕРЕДНЯЯ",7,3670.63
HYUNDAI/KIA,CERATO,64101-2F500,"ПАНЕЛЬ ПЕРЕДНЯЯ",2,3693.18
HYUNDAI/KIA,SPECTRA,0K2N3-53-100,"ПАНЕЛЬ ПЕРЕДНЯЯ",1,3009.95
HYUNDAI/KIA,"ELANTRA NEW",64101-2H000,"Панель передняя",1,5566.31
HYUNDAI/KIA,SPORTAGE,0K018-53-100C,"ПАНЕЛЬ ПЕРЕДНЯЯ -99",1,2192.42
HYUNDAI/KIA,SPORTAGE,0K081-53100D,"ПАНЕЛЬ ПЕРЕДНЯЯ 99-",1,4455.28
HYUNDAI/KIA,GETZ,71570-1C050,"ПАНЕЛЬ СО СТОЙКОЙ  ЗАД ФОНАРЯ-ЛЕВАЯ",1,586.72
HYUNDAI/KIA,SOLARIS,71575-1R300,"панель фонаря задн лев (седан)",14,1556.21
HYUNDAI/KIA,SOLARIS,71570-4L400,"панель фонаря задн лев (хетчбек)",3,1470.11
HYUNDAI/KIA,SOLARIS,71585-1R300,"панель фонаря задн прав (седан)",28,800.87
HYUNDAI/KIA,SOLARIS,71580-4L400,"панель фонаря задн прав (хетчбек)",10,1794.41
HYUNDAI/KIA,SOLARIS,25411-1J100,"Патрубок системы охлаждения (от фланца)",6,234.58
HYUNDAI/KIA,SOLARIS,93420-1R710,"Переключатель стеклоочистителей (седан)",8,1365.88
HYUNDAI/KIA,"ELANTRA NEW",79120-FD000,"ПЕТЛИ КАПОТА RH",1,99.81
HYUNDAI/KIA,SOLARIS,79220-4L000,"ПЕТЛЯ БАГАЖНИКА",1,302.78
HYUNDAI/KIA,SOLARIS,79340-0X000,"Петля двери задней правая верхняя",5,109.54
"General Motors",CRUZE,13501712,"Петля двери передней CRUZE лев- верхн.,прав-нижн.",4,286.51
"General Motors",CRUZE,13501711,"Петля двери передней CRUZE лев- нижняя,прав-верхн.",4,291.61
HYUNDAI/KIA,"SONATA EF",79410-3D000,"ПЕТЛЯ ЗАД ЛЕВ ДВЕРИ ВЕРХ",3,84.44
HYUNDAI/KIA,"SONATA EF",79430-3C000,"ПЕТЛЯ ЗАД ЛЕВ ДВЕРИ НИЗ",3,105.7
HYUNDAI/KIA,ELANTRA,79430-2D000,"ПЕТЛЯ ЗАД ЛЕВ ДВЕРИ НИЗ",4,81.63
HYUNDAI/KIA,"SONATA EF",79420-3D000,"ПЕТЛЯ ЗАД ПРАВ ДВЕРИ ВЕРХ",2,77.41
HYUNDAI/KIA,"SONATA EF",79440-3C000,"ПЕТЛЯ ЗАД ПРАВ ДВЕРИ НИЗ",1,80.44
HYUNDAI/KIA,ELANTRA,79440-2D000,"ПЕТЛЯ ЗАД ПРАВ ДВЕРИ НИЗ",3,95.09
HYUNDAI/KIA,GETZ,79330-1C000,"ПЕТЛЯ ЗАД-ЛЕВОЙ ДВЕРИ ВЕРХН",1,94.06
HYUNDAI/KIA,SPECTRA,0K2A1-73-210C,"ПЕТЛЯ ЗАДНЕЙ ЛЕВОЙ ДВЕРИ ВЕРХ",1,92.16
"General Motors",AVEO,95292251,"ПЕТЛЯ КАПОТА ЛЕВ",5,280.11
HYUNDAI/KIA,"i30 NEW",79110-A6000,"Петля капота левая",2,552.89
"General Motors",AVEO,95462342,"ПЕТЛЯ КАПОТА ПРАВ",4,248.14
HYUNDAI/KIA,"i30 NEW",79120-A6000,"Петля капота ПРАВАЯ",2,571.08
HYUNDAI/KIA,SONATA,79110-34000,"ПЕТЛЯ КАПОТА-ЛЕВАЯ",5,29.6
HYUNDAI/KIA,SONATA,79120-34000,"ПЕТЛЯ КАПОТА-ПРАВАЯ",2,20.42
HYUNDAI/KIA,"SPORTAGE R",79710-2E000,"ПЕТЛЯ КРЫШКИ БАГАЖНИКА",4,80.22
HYUNDAI/KIA,"ELANTRA NEW",79210-2H000,"ПЕТЛЯ КРЫШКИ БАГАЖНИКА ЛЕВ",1,212.71
HYUNDAI/KIA,CERATO,79220-1M000,"ПЕТЛЯ КРЫШКИ БАГАЖНИКА-ПРАВАЯ",3,348.67
"General Motors",CRUZE,13252118,"пистон обшивки задней двери",70,2.1
"General Motors",CRUZE,20064875,"ПИСТОН ОБШИВКИ КАПОТА",283,38.41
"General Motors",CRUZE,11589292,"пистон подкрылков",144,6.49
"General Motors",CRUZE,11589293,"пистон решетки радиатора",258,6.46
HYUNDAI/KIA,CERATO,87310-1M010,"ПЛАНКА ЗАДН НОМЕРА",3,653
HYUNDAI/KIA,CERATO,87310-1M020,"ПЛАНКА ЗАДН НОМЕРА ХРОМ",4,697.67
"General Motors",AVEO,95026205,"ПЛАНКА ЗАМКА КАПОТА",5,322.39
HYUNDAI/KIA,"ELANTRA NEW",87371-2H000,"Планка крышки багажника",3,84.81
HYUNDAI/KIA,SOLARIS,87311-1R100,"ПЛАНКА КРЫШКИ БАГАЖНИКА ХРОМ",7,310
HYUNDAI/KIA,RIO,0K30A-50-785E,"ПЛАНКА ПОД ЛОБ.СТЕКЛОМ- ПРАВАЯ",1,211.93
HYUNDAI/KIA,"SPORTAGE R",86150-3U000,"ПЛАНКА ПОД ЛОБОВЫМ СТЕКЛОМ",13,3969.12
"General Motors",AVEO,95493727,"Планка под лобовым стеклом",2,1021.49
HYUNDAI/KIA,"i30 NEW",86354-A6000,"ПЛАНКА РЕШЕТКИ ПРАВ",1,2437.78
HYUNDAI/KIA,AVANTE,85737-29600,"ПЛАСТИК ВНУТР ОБШИВКИ БАГАЖНИКА-ОКОШКО ВАГОН",1,142.86
HYUNDAI/KIA,"SPORTAGE R",98310-3U000,"ПОВОДОК ВОД",2,425.64
"General Motors",AVEO,95228813,"ПОВОДОК ДВОРНИКА ВОД",2,829.96
"General Motors",AVEO,95228814,"ПОВОДОК ДВОРНИКА ПАСС",2,817.68
HYUNDAI/KIA,"SPORTAGE R",98320-3U000,"ПОВОДОК ПАСС",4,351.7
HYUNDAI/KIA,IX35,98320-2Y000,"ПОВОДОК ПРАВЫЙ",2,568.37
HYUNDAI/KIA,SOLARIS,98310-1R000,"Поводок стеклоочистителя водителя",9,259.17
HYUNDAI/KIA,SOLARIS,98320-1R000,"Поводок стеклоочистителя ПАССАЖИРСКИЙ",10,313.15
HYUNDAI/KIA,CERATO,92303-1M000,"ПОВТОРИТЕЛЬ ПОВОРОТА",1,92.62
HYUNDAI/KIA,CERATO,92304-1M000,"ПОВТОРИТЕЛЬ ПОВОРОТА",4,115.93
HYUNDAI/KIA,SOLARIS,87614-3X000,"ПОВТОРИТЕЛЬ ПОВОРОТА ЗЕРК. ЛЕВЫЙ",15,340.91
HYUNDAI/KIA,SOLARIS,87624-3X000,"ПОВТОРИТЕЛЬ ПОВОРОТА ЗЕРК. ПРАВЫЙ",16,349.3
"General Motors",CRUZE,13354419,"ПОДДОН АККУМУЛЯТОРА",5,1492.59
HYUNDAI/KIA,"SONATA NF",86822-3K000,"ПОДКРЫЛОК -   ЗАД ПРАВЫЙ     ",1,96.1
HYUNDAI/KIA,"SPORTAGE R",86811-3U000,"ПОДКРЫЛОК - ЛЕВЫЙ",34,1218.54
HYUNDAI/KIA,"SPORTAGE R",86812-3U000,"ПОДКРЫЛОК - ПРАВЫЙ",20,1167.43
HYUNDAI/KIA,"i30 NEW",86821-A6000,"ПОДКРЫЛОК ЗАД ЛЕВ",2,1902.14
HYUNDAI/KIA,"i30 NEW",86822-A6000,"ПОДКРЫЛОК ЗАД ПРАВ",1,1171.08
HYUNDAI/KIA,"SPORTAGE R",86822-3U000,"ПОДКРЫЛОК ЗАД. - ПРАВЫЙ",13,1447.46
HYUNDAI/KIA,"SPORTAGE R",86821-3U000,"ПОДКРЫЛОК ЗАД.- ЛЕВЫЙ",18,1462.13
HYUNDAI/KIA,"ELANTRA NEW",86821-2H000,"Подкрылок задний левый",1,38.43
"General Motors",AVEO,96695993,"ПОДКРЫЛОК ПЕРЕДНИЙ ЛЕВЫЙ ЗАД",5,350.27
"General Motors",AVEO,96695995,"ПОДКРЫЛОК ПЕРЕДНИЙ ПРАВЫЙ ЗАД",4,443.09
HYUNDAI/KIA,SOLARIS,62400-4L000,ПОДРАМНИК,10,6685.64
HYUNDAI/KIA,"ELANTRA NEW",62405-1H021,ПОДРАМНИК,17,21987.64
HYUNDAI/KIA,"SANTA FE NEW",62400-2B500,ПОДРАМНИК,5,10789.05
HYUNDAI/KIA,CERATO,62405-1M005,ПОДРАМНИК,1,13882.02
HYUNDAI/KIA,CERATO,62405-1M105,ПОДРАМНИК,2,10063.95
HYUNDAI/KIA,IX35,62400-2Y000,ПОДРАМНИК,2,3682.22
HYUNDAI/KIA,,62405-1H020,ПОДРАМНИК,4,11000
HYUNDAI/KIA,CERATO,92501-1M000,"Подсветка номерного знака",14,67.92
"General Motors",CRUZE,13502179,"Подсветка номерного знака 5DR",3,202.59
"General Motors",CRUZE,13286903,Подушка,2,13649.36
HYUNDAI/KIA,SOLARIS,85010-1R000,"Подушка безопасности (боковая левая)",3,7795.97
HYUNDAI/KIA,SOLARIS,85020-1R000,"Подушка безопасности (боковая правая)",3,6878
HYUNDAI/KIA,"SANTA FE NEW",56900-2B100WK,"ПОДУШКА БЕЗОПАСНОСТИ ВОД",3,15000.78
HYUNDAI/KIA,"SONATA EF",56900-3D500LK,"ПОДУШКА БЕЗОПАСНОСТИ ВОД",3,7952.18
"General Motors",CRUZE,13248630,"подушка двигателя и кпп задняя",2,1775.5
"General Motors",CRUZE,13248554,"подушка двигателя и кпп левая ат",3,1750.28
"General Motors",CRUZE,13248551,"подушка двигателя и кпп левая мт",2,1811.94
HYUNDAI/KIA,IX35,21830-2S100,"ПОДУШКА ДВИГАТЕЛЯ ЛЕВ МТ",3,2023.73
"General Motors",AVEO,95032353,"ПОДУШКА ДВИГАТЕЛЯ ЛЕВАЯ 1,6 МТ",2,2614.75
"General Motors",AVEO,95405220,"ПОДУШКА ДВИГАТЕЛЯ ПЕРЕДНЯЯ",2,1731.34
HYUNDAI/KIA,CERATO,21930-1M100,"ПОДУШКА ДВИГАТЕЛЯ-ЗАДНЯЯ",3,510.49
HYUNDAI/KIA,CERATO,21930-1M250,"ПОДУШКА ДВИГАТЕЛЯ-ЗАДНЯЯ",1,1789.8
HYUNDAI/KIA,SONATA,21810-34301,"ПОДУШКА ДВИГАТЕЛЯ-ЛЕВАЯ DOHC M/T 9411-9602",1,770.65
HYUNDAI/KIA,CERATO,21830-1M100,"Подушка коробки левая АТ",3,904.5
HYUNDAI/KIA,DOPOLNENIE,25332-28002,"ПОДУШКА РАДИАТОРА",1,296.84
BWD,GETZ,51720-02000,"ПОДШИБНИК ПЕРЕД. СТУПИЦЫ",1,640
HYUNDAI/KIA,DOPOLNENIE,43220-37021,ПОДШИПНИК,1,748.02
HYUNDAI/KIA,"SONATA EF",43329-23010,"ПОДШИПНИК КПП",9,287.1
HYUNDAI/KIA,SPORTAGE,0K048-68-680C96,"ПОЛКА крепление левое",1,91.13
HYUNDAI/KIA,"SANTA FE NEW",87710-2B000,"ПОРОГ КРЫЛА ЛЕВ ПЛАСТИК",3,301.21
HYUNDAI/KIA,"ELANTRA NEW",71312-2HD20,"Порог левый",3,6928.65
HYUNDAI/KIA,SOLARIS,71312-4LD00,"ПОРОГ ЛЕВЫЙ",6,12092.57
HYUNDAI/KIA,IX35,71312-2YD00,"ПОРОГ ЛЕВЫЙ",1,17839.22
HYUNDAI/KIA,"SPORTAGE R",71312-3UD00,"ПОРОГ ЛЕВЫЙ",3,19523.69
"General Motors",AVEO,95917108,"ПОРОГ ЛЕВЫЙ",1,10737.49
HYUNDAI/KIA,"i30 NEW",71312-A6D00,"ПОРОГ ЛЕВЫЙ",1,12877.18
HYUNDAI/KIA,"SANTA FE NEW",87730-2B000,"ПОРОГ ЛЕВЫЙ ПЛАСТИК",7,3418.38
HYUNDAI/KIA,"SANTA FE",87751-26500,"ПОРОГ ЛЕВЫЙ ПЛАСТИК",3,3018.71
HYUNDAI/KIA,SOLARIS,71312-4LD20,"ПОРОГ ЛЕВЫЙ ХЕТЧБЕК",3,11451.58
HYUNDAI/KIA,SOLARIS,71322-4LD00,"ПОРОГ ПРАВЫЙ",6,11873.93
HYUNDAI/KIA,"ELANTRA NEW",71322-2HD20,"Порог правый",2,5316.43
HYUNDAI/KIA,GETZ,71322-1C0B0,"Порог правый",1,5729.1
"General Motors",AVEO,95917109,"ПОРОГ ПРАВЫЙ",1,10567.91
HYUNDAI/KIA,"i30 NEW",71322-A6D00,"ПОРОГ ПРАВЫЙ",1,13737.63
HYUNDAI/KIA,"SANTA FE NEW",87740-2B000,"ПОРОГ ПРАВЫЙ ПЛАСТИК",2,4443.92
HYUNDAI/KIA,"SANTA FE",87752-26500,"ПОРОГ ПРАВЫЙ ПЛАСТИК",2,3147.6
HYUNDAI/KIA,SOLARIS,71322-4LD20,"ПОРОГ ПРАВЫЙ ХЕТЧБЕК",5,8861.02
HYUNDAI/KIA,VERNA,71312-250B0,"ПОРОГ- ЛЕВЫЙ - НАРУЖНЯЯ ЧАСТЬ",2,4709.55
HYUNDAI/KIA,"SONATA EF",71322-3DB00,"ПОРОГ- ПРАВЫЙ -НАРУЖНЯЯ ЧАСТЬ",2,5794.04
HYUNDAI/KIA,"SORENTO R",2PF37-AQ010,"пороги комплект",2,13779.2
HYUNDAI/KIA,IX35,2SF37-AQ010,"ПОРОГИ КОМПЛЕКТ IX35",1,10570.95
HYUNDAI/KIA,"SPORTAGE R",3W370-ADE00,"ПОРОГИ КОМПЛЕКТ SPORTAGE R",1,19472.55
HYUNDAI/KIA,RIO,0K3Y2-11103,ПОРШЕНЬ,4,469.84
"General Motors",CRUZE,96961666,Поршень,2,1329.1
HYUNDAI/KIA,VERNA,23410-26014,"ПОРШЕНЬ С ПАЛЬЦЕМ",8,574.33
HYUNDAI/KIA,CERATO,23410-2G000,"ПОРШЕНЬ С ПАЛЬЦЕМ 2,0",10,683.47
HYUNDAI/KIA,CERATO,23041-2B001,"Поршень с пальцем1,6",43,692.92
HYUNDAI/KIA,ELANTRA,58112-28300,"ПОРШЕНЬ СУПОРТА",10,99.08
HYUNDAI/KIA,SPORTAGE,K9975-1115,"Предохранитель 15А",2,11.6
HYUNDAI/KIA,SPORTAGE,K9975-1120,"Предохранитель 20А",1,13.6
HYUNDAI/KIA,SPORTAGE,K9975-1130,"Предохранитель 30А",2,12.76
VALEO,,KK389256XA,"ПРИВОД В СБОРЕ",2,800
HYUNDAI/KIA,"ELANTRA NEW",49501-1H010,"ПРИВОД В СБОРЕ ЛЕВЫЙ",6,11939.9
"General Motors",CRUZE,13334699,"ПРИВОД В СБОРЕ ЛЕВЫЙ 1.8 AT 11-",2,7562.15
VALEO,SPECTRA,0K2N4-2560X,"ПРИВОД В СБОРЕ ЛЕВЫЙ A/T ABS",7,1828.26
"General Motors",AVEO,96852712,"ПРИВОД В СБОРЕ ЛЕВЫЙ АТА",1,8136.22
HYUNDAI/KIA,CERATO,49501-1M110,"ПРИВОД В СБОРЕ ЛЕВЫЙ М/T",1,7393.38
HYUNDAI/KIA,"ELANTRA NEW",49500-1H011,"ПРИВОД В СБОРЕ ПРАВЫЙ",7,14086.39
"General Motors",CRUZE,13334700,"ПРИВОД В СБОРЕ ПРАВЫЙ AT",1,8312.23
"General Motors",CRUZE,13334702,"ПРИВОД В СБОРЕ ПРАВЫЙ AT 11-",2,7136.91
HYUNDAI/KIA,"i30 NEW",49501-A6400,"ПРИВОД В СБОРЕ ПРАВЫЙ АТ",1,15000.27
HYUNDAI/KIA,CERATO,49500-1M011,"ПРИВОД В СБОРЕ ПРАВЫЙ М/T",3,17716.1
"General Motors",CRUZE,13334715,"ПРИВОД В СБОРЕ ПРАВЫЙ МT",2,10751.16
HYUNDAI/KIA,ELANTRA,49500-2D412,"ПРИВОД В СБОРЕ ПРАВЫЙ МТ 2.0 C ABS",1,5523
HYUNDAI/KIA,SONATA,49500-34391,"ПРИВОД В СБОРЕ-ЛЕВЫЙ АБС -96- А\Т",1,6339.24
VALEO,SONATA,49500-34391,"ПРИВОД В СБОРЕ-ЛЕВЫЙ АБС -96- А\Т",3,1609.55
VALEO,SONATA,49500-34380,"ПРИВОД В СБОРЕ-ПРАВЫЙ АБС 96- А\Т",1,679.43
HYUNDAI/KIA,"SANTA FE NEW",49600-2B010,"ПРИВОД ЗАДНИЙ ВСЕ",1,5217.83
HYUNDAI/KIA,"SANTA FE NEW",49500-2B360,"ПРИВОД ЛЕВЫЙ 2,2",1,9294.49
VALEO,VERNA,49500-25500,"Привод левый а/т",4,917.73
VALEO,"SANTA FE",49500-26461,"ПРИВОД ПРАВЫЙ АТ 2,0-2,7",2,1583.36
HYUNDAI/KIA,PORTER,95120-4F000,прикуриватель,1,101.8
HYUNDAI/KIA,,54644-38000,Прокладка,1,38.83
HYUNDAI/KIA,CERATO,22311-2B002,"Прокладка ГБЦ",48,492.88
"General Motors",CRUZE,55355578,"Прокладка ГБЦ",9,817.55
"General Motors",CRUZE,13229871,"Прокладка глушителя Cruze",1,116.81
HYUNDAI/KIA,VERNA,22311-26101,"ПРОКЛАДКА ГОЛОВКИ БЛОКА 1,6",5,425.25
PMC,AVANTE,P1G-A014,"ПРОКЛАДКА КЛАПАННОЙ КРЫШКИ",1,69.47
HYUNDAI/KIA,"ELANTRA NEW",22441-2B002,"ПРОКЛАДКА КЛАПАННОЙ КРЫШКИ",23,259.82
"General Motors",CRUZE,55559374,"ПРОКЛАДКА КОЛЛЕКТОРА ВПУСКНОГО",2,1339.52
HYUNDAI/KIA,VERNA,25614-26100,"ПРОКЛАДКА КОРПУСА ТЕРМОСТАТА",11,21.9
HYUNDAI/KIA,"ELANTRA NEW",21411-23000,"ПРОКЛАДКА МАСЛ.НАСОСА",8,65.86
"General Motors",CRUZE,13219067,"ПРОКЛАДКА ПОД ПЕРЕДНЮЮ ПРУЖИНУ",1,159.58
HYUNDAI/KIA,"ELANTRA NEW",25124-2B000,"ПРОКЛАДКА ПОМПЫ ВОД. ОХЛ.",15,45.14
HYUNDAI/KIA,"ELANTRA NEW",28751-2H000,"прокладка приемной трубы глушителя",16,152.86
HYUNDAI/KIA,ACCENT,28751-23410,"ПРОКЛАДКА РЕЗОНАТОРА",1,48.6
"General Motors",CRUZE,13287599,Пружина,1,1195.89
HYUNDAI/KIA,"ELANTRA NEW",54630-2H100,"ПРУЖИНА ПЕРЕДНЯЯ",4,673.27
HYUNDAI/KIA,SOLARIS,54630-4L000,"пружина передняя",1,1162.75
HYUNDAI/KIA,SOLARIS,54630-4L100,"пружина передняя АКПП (до 08.02.2012)",8,1429.12
"General Motors",CRUZE,13265236,"Пружина подвески CHEVROLET CRUZE передняя 1,6",3,949.85
"General Motors",CRUZE,13265239,"Пружина подвески CHEVROLET CRUZE передняя 1,8",4,780.99
HYUNDAI/KIA,SPORTAGE,0K045-28011A,"Пружина-задняя ГРАНД",2,723.49
HYUNDAI/KIA,"SANTA FE NEW",49509-2BA30,"ПЫЛЬНИК НАР ШРУСА 2,7",4,826.05
HYUNDAI/KIA,ELANTRA,49509-2DE00,"ПЫЛЬНИК НАРУЖНЕГО ШРУСА 2,0L",16,974.44
HYUNDAI/KIA,"SONATA EF",49541-33220,"ПЫЛЬНИК НАРУЖНЕГО ШРУСА 2,0L",3,140.46
"General Motors",AVEO,96853901,"ПЫЛЬНИК ПЕРЕДНЕГО АМОРТИЗАТОРА",10,65.96
HYUNDAI/KIA,DOPOLNENIE,57774-43010,"ПЫЛЬНИК РУЛЕВОЙ РЕЙКИ",1,114.37
HYUNDAI/KIA,SOLARIS,49543-1R001,"Пыльник шруса внутреннего левого",2,676.56
HYUNDAI/KIA,SOLARIS,49542-1R001,"Пыльник шруса внутреннего правого",16,262.12
"General Motors",CRUZE,13377762,радиатор,2,8750.46
"General Motors",CRUZE,13267650,Радиатор,2,5752.03
"General Motors",CRUZE,13267667,Радиатор,3,6265.81
"General Motors",CRUZE,13267652,Радиатор,3,5229.15
"General Motors",CRUZE,13336889,Радиатор,2,6263.59
HYUNDAI/KIA,TUCSON,97606-2E000,"РАДИАТОР КОНДИЦИОНЕРА",1,3842.97
ST,SONATA,NCA-036,"РАДИАТОР КОНДИЦИОНЕРА",1,1162.51
NT,ELANTRA,NCA-073,"РАДИАТОР КОНДИЦИОНЕРА",1,1521.34
HYUNDAI/KIA,"SONATA EF",H-97606-38004,"РАДИАТОР КОНДИЦИОНЕРА",3,4240.52
HYUNDAI/KIA,IX35,97606-2S000,"РАДИАТОР КОНДИЦИОНЕРА",8,5221.65
"General Motors",AVEO,96943762,"РАДИАТОР КОНДИЦИОНЕРА",3,11147.3
HYUNDAI/KIA,"SANTA FE NEW",97606-1U100,"РАДИАТОР КОНДИЦИОНЕРА 2.4-3.5 МТ,A/T",1,5957.86
HYUNDAI/KIA,SOLARIS,25310-4L000,"РАДИАТОР МТ",26,4100.44
HYUNDAI/KIA,IX35,25310-2S550,"РАДИАТОР ОХЛ AT",8,3987.59
HYUNDAI/KIA,IX35,25310-2S000,"РАДИАТОР ОХЛ МТ",1,3339.53
HYUNDAI/KIA,"ELANTRA NEW",25310-1H000,"РАДИАТОР ОХЛАЖДЕНИЯ",7,2991.3
HCC,SORENTO,H-25310-3E300,"РАДИАТОР ОХЛАЖДЕНИЯ 2,5 DSL AT --06 ",3,2636
HCC,SORENTO,H-25310-3E350,"РАДИАТОР ОХЛАЖДЕНИЯ 2,5 DSL MT --06",1,1618.01
HCC,SORENTO,H-25310-3E810,"РАДИАТОР ОХЛАЖДЕНИЯ 2,5MT 06-",1,1266.93
HYUNDAI/KIA,SPECTRA,0K2A2-15-20XB,"РАДИАТОР ОХЛАЖДЕНИЯ A/T ",4,2772.71
HYUNDAI/KIA,"ELANTRA NEW",25310-1H050,"РАДИАТОР ОХЛАЖДЕНИЯ AТ",3,3595.73
HYUNDAI/KIA,CERATO,25310-1M100,"РАДИАТОР ОХЛАЖДЕНИЯ А/T",2,2486.73
HCC,"SANTA FE NEW",H-25310-2B000,"РАДИАТОР ОХЛАЖДЕНИЯ МТ",1,1225.91
HYUNDAI/KIA,"i30 NEW",25310-3X100,"РАДИАТОР ОХЛАЖДЕНИЯ МТ",3,2575.55
HYUNDAI/KIA,SOLARIS,97138-1R000,"Радиатор печки",13,2079.71
HYUNDAI/KIA,"SPORTAGE R",87742-3U000,"РАСШЕРИТЕЛЬ КРЫЛА ЗАД.ПРАВЫЙ",10,1940.49
HYUNDAI/KIA,"SPORTAGE R",87711-3U000,"РАСШЕРИТЕЛЬ КРЫЛА ПЕР.ЛЕВЫЙ",19,2016.34
HYUNDAI/KIA,"SPORTAGE R",87712-3U000,"РАСШЕРИТЕЛЬ КРЫЛА ПЕР.ПРАВЫЙ",25,1519.82
HYUNDAI/KIA,"SPORTAGE R",87741-3U000,"РАСШИРИТЕЛЬ КРЫЛА ЗАД.ЛЕВЫЙ",23,1500.44
HYUNDAI/KIA,SPORTAGE,0S210-18-W70,"Регулятор  генератора ( ТАБЛЕТКА )ДИЗЕЛЬ 2,2L",1,683.59
HYUNDAI/KIA,CERATO,54634-1M000,"РЕЗИНОВОЕ КОЛЬЦО ПЕРЕДНЕЙ ПРУЖИНЫ",3,403.41
"General Motors",CRUZE,13337770,"Резонатор воздуховода",7,955.07
"General Motors",CRUZE,13337675,Рейка,2,11561.94
HYUNDAI/KIA,PORTER,57705-4B010,"РЕЙКА РУЛЕВАЯ В СБОРЕ",4,8225.67
HYUNDAI/KIA,"SPORTAGE R",87270-3W000,"РЕЙЛИНГ ЛЕВ",1,3385.86
HYUNDAI/KIA,SPORTAGE,0K026-50-620,"Рейлинги на крышу-левый",1,1619.31
HYUNDAI/KIA,IX35,25212-2F300,РЕМЕНЬ,30,751.51
"General Motors",CRUZE,25185133,Ремень,9,673.13
HYUNDAI/KIA,CERATO,25212-25010,"РЕМЕНЬ ГЕНЕРАТОРА БЕНЗИН",37,454.14
"General Motors",CRUZE,55564676,"Ремень гидроусилителя",13,192.89
"General Motors",AVEO,24422964,"Ремень ГРМ CHEVROLET Cruze (09-) (1.6/1.8),Aveo (06-) (1.4) (146х24)",20,1361.86
HYUNDAI/KIA,ELANTRA,57170-2D100,"РЕМЕНЬ ГУРА  2.0",1,69.71
"General Motors",CRUZE,55580052,"Ремень приводной c AC",9,473.43
"General Motors",CRUZE,13502347,"РЕШЕТКА ВЕНТИЛЯЦИИ БАГАЖНИКА",1,127.09
HYUNDAI/KIA,VERNA,86560-25000,"РЕШЕТКА РАДИАТОРА",1,664.17
HYUNDAI/KIA,"SONATA EF",86350-38050,"РЕШЕТКА РАДИАТОРА",1,635.45
HYUNDAI/KIA,i30,86352-2R000,"РЕШЕТКА РАДИАТОРА",3,2114.21
HYUNDAI/KIA,SORENTO,86350-3E030,"РЕШЕТКА РАДИАТОРА -06",1,3109.69
"General Motors",AVEO,96694759,"РЕШЕТКА РАДИАТОРА ВЕРХ В СБОРЕ",5,1244.29
HYUNDAI/KIA,GETZ,86364-1C310,"РЕШЕТКА РАДИАТОРА ПЛАНКА хром прав",1,58.16
HYUNDAI/KIA,PICANTO,86352-07010,"РЕШЕТКА РАДИАТОРА СЕТКА",1,84.14
"General Motors",AVEO,96694760,"РЕШЕТКА РАДИАТОРА СЕТКА",8,447.66
"General Motors",AVEO,96692632,"РЕШЕТКА РАДИАТОРА СЕТКА без окант",5,422
"General Motors",AVEO,96696099,"РЕШЕТКА РАДИАТОРА СЕТКА НИЗ",1,538.71
HYUNDAI/KIA,"SPORTAGE R",86350-3U500,"РЕШЕТКА РАДИАТОРА ХРОМ",18,4573.87
HYUNDAI/KIA,CERATO,25287-25100,РОЛИК,53,370.33
HYUNDAI/KIA,SOLARIS,25287-25010,РОЛИК,2,391.3
HYUNDAI/KIA,PORTER,25286-4A010,РОЛИК,1,428.46
"General Motors",CRUZE,24436052,"РОЛИК ВЕДОМЫЙ",1,643.76
HYUNDAI/KIA,SOLARIS,25288-25001,"РОЛИК ГЕНЕРАТОРА",94,278.78
HYUNDAI/KIA,CERATO,25287-25110,"РОЛИК ГЕНЕРАТОРА",63,379.54
HYUNDAI/KIA,MAGENTIS,25282-2G000,"РОЛИК ГЕНЕРАТОРА",33,434.43
"General Motors",CRUZE,25184786,"РОЛИК НАТЯЖИТЕЛЬ РЕМНЯ",18,954.8
HYUNDAI/KIA,SONATA,23129-34000,"РОЛИК НАТЯЖИТЕЛЯ РЕМНЯ КОНДИЦИОНЕРА",1,1034.45
"General Motors",CRUZE,25191534,"РОЛИК ПРИВОДНОГО РЕМНЯ",20,1385.6
HYUNDAI/KIA,SPECTRA,0K2N1-32-110B,"РУЛЕВАЯ РЕЙКА",2,6917.77
HYUNDAI/KIA,"ELANTRA NEW",56500-1H200,"РУЛЕВАЯ РЕЙКА",1,6288.6
HYUNDAI/KIA,SOLARIS,56500-0U000,"РУЛЕВАЯ РЕЙКА",2,7670.64
HYUNDAI/KIA,,56500-1H200,"РУЛЕВАЯ РЕЙКА",1,6288.6
"General Motors",AVEO,95952930,"рулевой наконечник",6,1268.27
HYUNDAI/KIA,SOLARIS,82610-1R000S4,"Ручка двери внутреняя передняя левая",1,124.3
HYUNDAI/KIA,SOLARIS,82610-1R010CR,"Ручка двери внутреняя передняя левая(хром)",5,199.3
HYUNDAI/KIA,SOLARIS,82620-1R000S4,"Ручка двери внутреняя передняя правая",1,113.93
HYUNDAI/KIA,SOLARIS,82655-1R000,"Ручка двери наружняя передняя ЛЕВАЯ (ОСНОВАНИЕ РУЧКИ)",3,287.36
HYUNDAI/KIA,SOLARIS,82665-1R000,"Ручка двери наружняя передняя правая (ОСНОВАНИЕ РУЧКИ)",1,186.31
HYUNDAI/KIA,CERATO,82652-1M030,"РУЧКА ЗАД. ДВЕРИ-КОЛПАЧОК",3,203.42
HYUNDAI/KIA,CERATO,82655-1M000,"РУЧКА ЗАД.ЛЕВОЙ ДВЕРИ-ВН ЧАСТЬ",2,171.34
HYUNDAI/KIA,"ELANTRA NEW",82651-2H000,"РУЧКА НАРУЖН",25,259.16
HYUNDAI/KIA,"ELANTRA NEW",82653-2H000,"РУЧКА НАРУЖН",5,19.66
HYUNDAI/KIA,"ELANTRA NEW",82652-2H000,"РУЧКА НАРУЖН",1,32.83
HYUNDAI/KIA,"ELANTRA NEW",82652-2H000,"РУЧКА НАРУЖН",10,121.04
HYUNDAI/KIA,"ELANTRA NEW",82654-2H000,"РУЧКА НАРУЖН",3,21.41
HYUNDAI/KIA,IX35,82662-2Y010,"РУЧКА НАРУЖНЯЯ ЗАД УГОЛОК",1,293.86
HYUNDAI/KIA,IX35,82652-2Y010,"РУЧКА НАРУЖНЯЯ ПЕРЕДНЯЯ УГОЛОК",4,265.65
HYUNDAI/KIA,IX35,82652-2S010,"РУЧКА НАРУЖНЯЯ ПЕРЕДНЯЯ УГОЛОК",1,293.41
HYUNDAI/KIA,IX35,82651-2S020,"РУЧКА НАРУЖНЯЯ ХРОМ",1,239.52
HYUNDAI/KIA,IX35,82651-2S720,"РУЧКА НАРУЖНЯЯ ХРОМ",1,835.83
HYUNDAI/KIA,IX35,82651-2Y710,"РУЧКА НАРУЖНЯЯ ЦВЕТ",1,2000
HYUNDAI/KIA,IX35,82651-2S010,"РУЧКА НАРУЖНЯЯ ЦВЕТ",3,243.14
HYUNDAI/KIA,SPORTAGE,OK01G-63-410,"Ручка наружняя-пятой двери",1,306.29
HYUNDAI/KIA,CERATO,82651-1M050,"РУЧКА ПЕРЕД. ДВЕРИ-КОЛПАЧОК",1,169.75
HYUNDAI/KIA,CERATO,82651-1M020,"РУЧКА ПЕРЕД.ДВЕРИ-НАРУЖНЯЯ ХРОМ",3,395.8
"General Motors",CRUZE,20827614,"РУЧКА ПЕРЕДНЕЙ ЛЕВ ДВЕРИ",2,3148.66
"General Motors",CRUZE,25936893,"РУЧКА ПЕРЕДНЕЙ ЛЕВ ДВЕРИ",2,885.58
HYUNDAI/KIA,SOLARIS,81720-1R200,"РУЧКА-ЭМБЛЕМА ПЯТОЙ ДВЕРИ",5,411.74
HYUNDAI/KIA,IX35,55210-2Y000,"РЫЧАГ ЗАДНИЙ",18,2912.29
HYUNDAI/KIA,"SANTA FE NEW",55210-3J100,"РЫЧАГ ЗАДНИЙ",7,963.74
HYUNDAI/KIA,"SANTA FE NEW",55220-3J100,"РЫЧАГ ЗАДНИЙ",5,1005.33
HYUNDAI/KIA,IX35,55270-3U100,"РЫЧАГ ЗАДНИЙ",8,3095.34
HYUNDAI/KIA,,55210-2Y000,"РЫЧАГ ЗАДНИЙ",8,2915.4
HYUNDAI/KIA,IX35,55250-2S110,"РЫЧАГ ЗАДНИЙ 4WD",2,1054.17
HYUNDAI/KIA,IX35,55100-2S050,"РЫЧАГ ЗАДНИЙ ПОПЕРЕЧНЫЙ 2WD",4,1497.75
HYUNDAI/KIA,IX35,55100-2Y100,"РЫЧАГ ЗАДНИЙ ПОПЕРЕЧНЫЙ 4WD",5,2443.76
HYUNDAI/KIA,,55100-2Y100,"РЫЧАГ ЗАДНИЙ ПОПЕРЕЧНЫЙ 4WD",12,3527.64
HYUNDAI/KIA,"SANTA FE NEW",55100-2B100,"РЫЧАГ ЗАДНИЙ ПРОДОЛЬНЫЙ",2,1050.18
HYUNDAI/KIA,SOLARIS,54500-4L000,"РЫЧАГ ПЕРЕДНИЙ ЛЕВЫЙ",35,1678.16
"General Motors",AVEO,95017035,"РЫЧАГ ПЕРЕДНИЙ ЛЕВЫЙ",3,2430.88
HYUNDAI/KIA,SOLARIS,54501-4L000,"РЫЧАГ ПЕРЕДНИЙ ПРАВЫЙ",6,1375.31
"General Motors",AVEO,95017036,"РЫЧАГ ПЕРЕДНИЙ ПРАВЫЙ",1,2589.93
HYUNDAI/KIA,"i30 NEW",54501-3X000,"РЫЧАГ ПЕРЕДНИЙ ПРАВЫЙ",2,1561.68
HYUNDAI/KIA,SPORTAGE,OK011-28-830A,"Сайленблок зад.прод.короткого  рычага",8,151.92
"General Motors",CRUZE,13321342,Сайлентблок,20,250.83
HYUNDAI/KIA,"SPORTAGE R",55274-3W000,"САЙЛЕНТБЛОК ЗАД РЫЧАГА ЛЕВ",1,1199.03
HYUNDAI/KIA,"SANTA FE NEW",55118-2B100,"САЙЛЕНТБЛОК ЗАД РЫЧАГОВ",22,121.26
HYUNDAI/KIA,"SANTA FE NEW",55258-2B000,"САЙЛЕНТБЛОК ЗАД РЫЧАГОВ",2,167.26
HYUNDAI/KIA,VERNA,55219-25100,"САЙЛЕНТБЛОК ЗАДНЕГО ПОПЕРЕЧНОГО РЫЧАГА 1",1,83.8
HYUNDAI/KIA,VERNA,55119-25000,"САЙЛЕНТБЛОК ЗАДНЕГО ПРОДОЛЬНОГО РЫЧАГА 2",4,90.14
HYUNDAI/KIA,IX35,55253-2S000,"САЙЛЕНТБЛОК ЗАДНЕГО РЫЧАГА",50,228.49
HYUNDAI/KIA,IX35,55215-2S000,"САЙЛЕНТБЛОК ЗАДНЕГО РЫЧАГА",7,211.06
HYUNDAI/KIA,"ELANTRA NEW",55256-2G000,"САЙЛЕНТБЛОК ЗАДНЕГО РЫЧАГА АСИСТ.",4,117.49
HYUNDAI/KIA,SOLARIS,55160-1R000,"сайлентблок задней балки",1,192.26
HYUNDAI/KIA,IX35,54551-2Y000,"САЙЛЕНТБЛОК ПЕРЕДНЕГО РЫЧАГА",143,359.17
HYUNDAI/KIA,CERATO,54584-0Q000,"САЙЛЕНТБЛОК ПЕРЕДНЕГО РЫЧАГА -ЗАДНИЙ",7,194.31
HYUNDAI/KIA,SOLARIS,54551-1J000,"сайлентблок переднего рычага (передний)",12,91.46
HYUNDAI/KIA,"RIO 3",54551-1E000,"САЙЛЕНТБЛОК ПЕРЕДНЕГО РЫЧАГА ПЕРЕДНИЙ",6,97.17
"General Motors",CRUZE,55555805,Сальник,20,595.09
"General Motors",CRUZE,24447223,Сальник,30,321.25
"General Motors",CRUZE,24260764,Сальник,8,313.38
HYUNDAI/KIA,"ELANTRA NEW",22224-2B010,"сальник клапана впуск",665,29.03
HYUNDAI/KIA,"SONATA EF",21443-38010,"САЛЬНИК коленвала задний",49,122.96
HYUNDAI/KIA,"ELANTRA NEW",21443-2B000,"Сальник коленвала задний",161,159.49
HYUNDAI/KIA,CERATO,21443-25000,"САЛЬНИК КОЛЕНВАЛА ЗАДНИЙ",31,115.9
HYUNDAI/KIA,"ELANTRA NEW",21421-2B020,"Сальник коленвала передний",1,51.38
HYUNDAI/KIA,CERATO,21421-25002,"САЛЬНИК КОЛЕНВАЛА ПЕРЕДНИЙ",26,171.49
HYUNDAI/KIA,PORTER,43146-4B000,"САЛЬНИК МКПП",1,18.92
HYUNDAI/KIA,PORTER,52820-44100,"САЛЬНИК НАРУЖНЫЙ ЗАДНЕЙ ОСИ",1,7.83
HYUNDAI/KIA,ACCENT,51713-21100,"САЛЬНИК ПОДШИПНИКА ПЕРЕДНЕЙ СТУПИЦЫ",1,28.18
HYUNDAI/KIA,SPORTAGE,OK011-26-154A,"Сальник полуоси -внутренний",1,46.81
HYUNDAI/KIA,SPORTAGE,OK011-26-157,"Сальник полуоси -наружний",1,53.89
HYUNDAI/KIA,"SONATA EF",43119-39020,"САЛЬНИК ПРИВОДА",120,71.23
"General Motors",CRUZE,55563374,"сальник распредвала",50,167.97
HYUNDAI/KIA,PORTER,36710-42021,"СВЕЧА НАКАЛИВАНИЯ",4,115.41
HYUNDAI/KIA,CERATO,18846-10060,СВЕЧИ,376,137.93
HYUNDAI/KIA,IX35,87210-2S000,СПОЙЛЕР,1,2669.51
HYUNDAI/KIA,"i30 NEW",87211-A6000,СПОЙЛЕР,1,8979.28
HYUNDAI/KIA,SOLARIS,87210-1R200,"СПОЙЛЕР ПЯТОЙ ДВЕРИ",5,3788.3
HYUNDAI/KIA,CERATO,54811-2H000,"СТАБИЛИЗАТОР ПЕРЕДНИЙ",1,1262.09
"General Motors",CRUZE,13346848,"СТАБИЛИЗАТОР ПЕРЕДНИЙ",3,3839.5
HYUNDAI/KIA,SOLARIS,54810-1R000,"Стабилизатор поперечной устойчивости передний",26,1139.41
HYUNDAI/KIA,"ELANTRA NEW",36100-2B100,Стартер,7,2840.27
"General Motors",CRUZE,55576980,Стартер,1,5546.29
"General Motors",CRUZE,25182244,Стартер,3,6014.23
HYUNDAI/KIA,"SPORTAGE R",36100-2F050,"СТАРТЕР ДИЗЕЛЬ",4,5202.19
HYUNDAI/KIA,CERATO,83411-1M010,"СТЕКЛО -ЗАДНЕЙ ЛЕВОЙ ДВЕРИ",4,1777.21
HYUNDAI/KIA,SPORTAGE,0K019-73-511,"СТЕКЛО -ЗАДНЕЙ ЛЕВОЙ ДВЕРИ 9см",1,772.71
HYUNDAI/KIA,VERNA,83420-25010,"СТЕКЛО -ЗАДНЕЙ ПРАВОЙ ДВЕРИ ",4,817.56
HYUNDAI/KIA,AVANTE,83420-29020,"СТЕКЛО -ЗАДНЕЙ ПРАВОЙ ДВЕРИ ",2,683.6
HYUNDAI/KIA,"SONATA EF",83420-38020,"СТЕКЛО -ЗАДНЕЙ ПРАВОЙ ДВЕРИ",1,1891.61
HYUNDAI/KIA,SPECTRA,0K2A4-72511,"СТЕКЛО -ЗАДНЕЙ ПРАВОЙ ДВЕРИ",1,1041.37
HYUNDAI/KIA,CERATO,83421-1M010,"СТЕКЛО -ЗАДНЕЙ ПРАВОЙ ДВЕРИ",5,1254.32
HYUNDAI/KIA,"RIO 3",83421-1G011,"СТЕКЛО -ЗАДНЕЙ ПРАВОЙ ДВЕРИ 4DR",4,653.4
HYUNDAI/KIA,SPORTAGE,0K019-72661,"СТЕКЛО -ЗАДНЕЙ ПРАВОЙ ДВЕРИ ФИКСИР",2,446.44
HYUNDAI/KIA,SPECTRA,0K2A4-59511,"СТЕКЛО -ПЕР ЛЕВОЙ ДВЕРИ",1,2003.2
HYUNDAI/KIA,SOLARIS,83411-1R210,"Стекло двери задней левой (хэтчбек)",7,1173.12
HYUNDAI/KIA,SOLARIS,83421-1R210,"Стекло двери задней правой (хэтчбек)",10,2226.22
HYUNDAI/KIA,SORENTO,82411-43010,"СТЕКЛО ДВЕРИ ЛЕВОЙ",1,905.11
HYUNDAI/KIA,SORENTO,82421-43010,"СТЕКЛО ДВЕРИ ПРАВОЙ",2,538.53
HYUNDAI/KIA,IX35,83411-2Y000A,"СТЕКЛО ЗАД ЛЕВ ДВЕРИ",4,3058.83
HYUNDAI/KIA,IX35,83421-2Y000A,"СТЕКЛО ЗАД ПРАВ ДВЕРИ",4,1272.8
HYUNDAI/KIA,"SPORTAGE R",83411-3U010A,"СТЕКЛО ЗАД. ЛЕВОЙ ДВЕРИ",4,2032.45
HYUNDAI/KIA,"SPORTAGE R",83417-3U010A,"СТЕКЛО ЗАД. ЛЕВОЙ ДВЕРИ УГОЛОК",2,1279.35
HYUNDAI/KIA,IX35,83421-2Y010A,"СТЕКЛО ЗАД. ПРАВОЙ ДВЕРИ",1,1437.09
HYUNDAI/KIA,"SPORTAGE R",83421-3U010A,"СТЕКЛО ЗАД. ПРАВОЙ ДВЕРИ",3,2032.45
HYUNDAI/KIA,"SPORTAGE R",83427-3U010A,"СТЕКЛО ЗАД. ПРАВОЙ ДВЕРИ УГОЛОК",3,1147.94
HYUNDAI/KIA,"SANTA FE NEW",87810-2B000,"СТЕКЛО ЗАДНЕГО ЛЕВОГО КРЫЛА",2,2538.07
HYUNDAI/KIA,"SANTA FE NEW",87820-2B000,"СТЕКЛО ЗАДНЕГО ПРАВОГО КРЫЛА",4,1119.84
HYUNDAI/KIA,ELANTRA,87111-2D030,"СТЕКЛО ЗАДНЕЕ",1,3386.62
HYUNDAI/KIA,"ELANTRA NEW",87110-2H130,"Стекло заднее",5,3138.95
HYUNDAI/KIA,PORTER,86211-44002,"СТЕКЛО ЗАДНЕЕ",1,492.76
HYUNDAI/KIA,CERATO,87110-1M020,"СТЕКЛО ЗАДНЕЕ",3,3945.43
HYUNDAI/KIA,"SPORTAGE R",87110-3U020,"СТЕКЛО ЗАДНЕЕ",3,4584.89
HYUNDAI/KIA,"SPORTAGE R",87110-3U030,"СТЕКЛО ЗАДНЕЕ",10,6183.31
HYUNDAI/KIA,IX35,87110-2Y000,"СТЕКЛО ЗАДНЕЕ",12,5579.26
HYUNDAI/KIA,"SONATA EF",87111-3D001,"СТЕКЛО ЗАДНЕЕ -",5,3065.94
HYUNDAI/KIA,GETZ,87110-1C100,"СТЕКЛО ЗАДНЕЕ -4DR",3,2408.13
HYUNDAI/KIA,SOLARIS,87110-1R010,"Стекло заднее 4DR",16,2060.2
"General Motors",AVEO,95492705,"Стекло заднее 4DR",5,4039.96
HYUNDAI/KIA,RIO,0K34P-63-930,"СТЕКЛО ЗАДНЕЕ 5DR",1,5874.5
HYUNDAI/KIA,CERATO,87110-1M300,"СТЕКЛО ЗАДНЕЕ KOUP !!!!!",2,4785.64
HYUNDAI/KIA,"SANTA FE NEW",83410-2B000,"Стекло задней левой двери",3,1101.21
"General Motors",AVEO,95228223,"Стекло задней левой двери",5,1506
HYUNDAI/KIA,CERATO,83410-2F020,"СТЕКЛО ЗАДНЕЙ ЛЕВОЙ ДВЕРИ 4DR",3,2626.16
HYUNDAI/KIA,CEED,83411-1H500,"Стекло задней левой двери WGN",1,2266.91
HYUNDAI/KIA,"SANTA FE NEW",83417-2B000,"Стекло задней левой двери уголок",2,2417.49
HYUNDAI/KIA,"ELANTRA NEW",83421-2H010,"Стекло задней правой двери",3,942.53
HYUNDAI/KIA,"SANTA FE NEW",83420-2B000,"Стекло задней правой двери",2,2195.71
"General Motors",AVEO,95228224,"Стекло задней правой двери",5,1505.41
HYUNDAI/KIA,"SANTA FE NEW",83427-2B000,"Стекло задней правой двери уголок",2,2472.72
HYUNDAI/KIA,SOLARIS,87611-4L000,"стекло зеркало наружного лев без обогрев",27,348.38
HYUNDAI/KIA,SOLARIS,87621-4L000,"стекло зеркало наружного прав с обогрев",10,335.05
HYUNDAI/KIA,SOLARIS,87810-4L200,"Стекло кузовное левое (форточка,хэтчбек)",1,4391.81
HYUNDAI/KIA,SOLARIS,87810-4L200,"Стекло кузовное левое (форточка,хэтчбек)",3,4391.65
HYUNDAI/KIA,"SONATA EF",86110-38020,"СТЕКЛО ЛОБОВОЕ",8,5147.85
HYUNDAI/KIA,VERNA,86110-25100,"СТЕКЛО ЛОБОВОЕ",1,4577.02
HYUNDAI/KIA,ELANTRA,86110-2D000,"СТЕКЛО ЛОБОВОЕ",2,4605.43
HYUNDAI/KIA,SPECTRA,86110-17100,"СТЕКЛО ЛОБОВОЕ",5,4445.06
HYUNDAI/KIA,"SONATA EF",86110-38021,"СТЕКЛО ЛОБОВОЕ",7,4811.18
HYUNDAI/KIA,CERATO,86110-2F030,"СТЕКЛО ЛОБОВОЕ",4,4370.55
HYUNDAI/KIA,"ELANTRA NEW",86110-2H040,"Стекло лобовое",28,5369.81
HYUNDAI/KIA,TUCSON,86110-2E210,"СТЕКЛО ЛОБОВОЕ",3,5963.39
HYUNDAI/KIA,SORENTO,86110-3E000,"СТЕКЛО ЛОБОВОЕ",11,5844.23
HYUNDAI/KIA,IX35,86110-2Y070,"СТЕКЛО ЛОБОВОЕ",13,7971.87
HYUNDAI/KIA,"SONATA YF",86110-3S120,"СТЕКЛО ЛОБОВОЕ",5,8103.56
HYUNDAI/KIA,MAGENTIS,86110-2G000,"СТЕКЛО ЛОБОВОЕ",1,9110.17
HYUNDAI/KIA,CARNIVAL,86110-4D110,"СТЕКЛО ЛОБОВОЕ",1,9430.35
HYUNDAI/KIA,CARNIVAL,86110-4D120,"СТЕКЛО ЛОБОВОЕ",3,7039.9
HYUNDAI/KIA,"SPORTAGE R",86110-3U030,"СТЕКЛО ЛОБОВОЕ",49,12655.4
HYUNDAI/KIA,PREGIO,0K72A-63-901C,"СТЕКЛО ЛОБОВОЕ",3,5812.97
HYUNDAI/KIA,GETZ,86110-1C000,"СТЕКЛО ЛОБОВОЕ",12,4962.12
"General Motors",CRUZE,95134007,"стекло лобовое",18,6403.87
HYUNDAI/KIA,"i30 NEW",86110-A6010,"СТЕКЛО ЛОБОВОЕ",1,10738.99
HYUNDAI/KIA,"i30 NEW",86110-A6150,"СТЕКЛО ЛОБОВОЕ",4,15704.74
HYUNDAI/KIA,"GENESIS COUPE ",86110-2M020,"СТЕКЛО ЛОБОВОЕ",1,12411.46
HYUNDAI/KIA,"CERATO 2013",86111-A7120,"СТЕКЛО ЛОБОВОЕ",3,17321.32
HYUNDAI/KIA,"SORENTO R",86111-2P110,"СТЕКЛО ЛОБОВОЕ",5,10315.69
HYUNDAI/KIA,"SORENTO R",86111-2P543,"СТЕКЛО ЛОБОВОЕ",4,15076.8
HYUNDAI/KIA,"SORENTO R",86111-2P523,"СТЕКЛО ЛОБОВОЕ",1,11871.22
"General Motors",AVEO,95479987,"СТЕКЛО ЛОБОВОЕ",40,7759.59
"General Motors",SPARK,95983030,"СТЕКЛО ЛОБОВОЕ",1,7824.35
"General Motors",EPICA,94811344,"СТЕКЛО ЛОБОВОЕ",4,9393.62
"General Motors",LACETTI,96423422,"СТЕКЛО ЛОБОВОЕ",5,8460.39
"General Motors",CRUZE,95090903,"СТЕКЛО ЛОБОВОЕ  95090902",11,6673.8
HYUNDAI/KIA,IX35,86110-2Y000,"СТЕКЛО ЛОБОВОЕ  БЕЗ ОБОГРЕВА ,БЕЗ ДД",17,9650.05
HYUNDAI/KIA,BONGO,86110-4E000,"стекло лобовое BONGO",5,6838.27
"General Motors",CAPTIVA,96803301,"стекло лобовое CAPTIVA",3,8156.46
HYUNDAI/KIA,CARENS,86110-1D010,"стекло лобовое CARENS 06-",3,13304.46
HYUNDAI/KIA,COUNTY,86111-5A100,"стекло лобовое COUNTY",1,14625.04
HYUNDAI/KIA,COUNTY,86111-5A300,"стекло лобовое COUNTY",1,15227.49
HYUNDAI/KIA,TUSCANI,86110-2C020,"стекло лобовое COUPE",3,4686.14
HYUNDAI/KIA,"ELANTRA MD",86110-3X030,"стекло лобовое ELANTRA 2013",5,14685.48
"General Motors",EPICA,96632643,"стекло лобовое EPICA без д.д.  подогр.",7,6769.69
"General Motors",EPICA,96632644,"стекло лобовое EPICA с подогр.",5,7187.19
HYUNDAI/KIA,EQUUS,86110-3N010,"стекло лобовое EQUUS",4,24817.21
HYUNDAI/KIA,GENESIS,86110-3M030,"стекло лобовое GENESIS",1,16293.27
HYUNDAI/KIA,HD72,86111-5H110,"стекло лобовое HD72",4,7301.12
HYUNDAI/KIA,HD72,86111-5H000,"стекло лобовое HD72  НЕБОЛЬШИЕ ЦАРАПИНЫ",3,7980.06
HYUNDAI/KIA,i40,86110-3Z020,"стекло лобовое I40",4,13540.4
HYUNDAI/KIA,i40,86110-3Z220,"стекло лобовое I40",1,11619.92
HYUNDAI/KIA,IX35,86110-2Y070,"стекло лобовое IX35",6,7997.74
HYUNDAI/KIA,"VERACRUZ ",86110-3J310,"стекло лобовое IX55",1,12100.84
"General Motors",LACETTI,96423420,"стекло лобовое LACETTI 5DR без д.д.",21,5691.79
"General Motors",LANOS,96386596,"стекло лобовое LANOS",5,4537.92
"General Motors",SPARK,96599358,"стекло лобовое MATIZ + SPARK 05-",3,4982.52
HYUNDAI/KIA,QUORIS,86110-3T080,"стекло лобовое QUORIS",5,60171.45
HYUNDAI/KIA,"SORENTO R",86111-2P130,"стекло лобовое SORENTO 09-",30,13882.93
HYUNDAI/KIA,STAREX,86110-4H010,"стекло лобовое STAREX",3,14326.9
HYUNDAI/KIA,STAREX,86110-4A101,"стекло лобовое STAREX -06",3,6750.27
HYUNDAI/KIA,STAREX,86110-4H130,"стекло лобовое STAREX 07-",4,6271.09
HYUNDAI/KIA,STAREX,86110-4A501,"стекло лобовое STAREX с под -06",3,7609.16
HYUNDAI/KIA,TERRACAN,86110-H1510,"стекло лобовое TERRACAN",1,5256.71
HYUNDAI/KIA,CERATO,86110-1M130,"СТЕКЛО ЛОБОВОЕ W S/BAND VIN LABEL HEATED!!!",6,5849.54
"General Motors",AVEO,96648413,"СТЕКЛО ЛОБОВОЕ АВЕО",15,6222.95
HYUNDAI/KIA,VERNA,86110-25000,"СТЕКЛО ЛОБОВОЕ БЕЗ ПОЛОСЫ",2,4043.39
HYUNDAI/KIA,PICANTO,86110-07161,"СТЕКЛО ЛОБОВОЕ Пиканто",8,10361.48
HYUNDAI/KIA,PICANTO,86110-1Y020,"СТЕКЛО ЛОБОВОЕ ПИКАНТО",16,10316.01
HYUNDAI/KIA,"SANTA FE 2013",86110-2W360,"СТЕКЛО ЛОБОВОЕ С ПОДОГР И ДАТЧ ДОЖДЯ",6,22000.2
HYUNDAI/KIA,,86110-2W380,"СТЕКЛО ЛОБОВОЕ С ПОДОГР И ДАТЧ ДОЖДЯ",2,30000.34
HYUNDAI/KIA,MAGENTIS,86110-2G010,"СТЕКЛО ЛОБОВОЕ С ПОДОГРЕВОМ",2,5179.77
HYUNDAI/KIA,SPORTAGE,86110-1F000,"СТЕКЛО ЛОБОВОЕ СПОРТАЖ2",4,4822.09
HYUNDAI/KIA,"SANTA FE",86110-26000,"СТЕКЛО ЛОБОВОЕ тонированное ",3,5240.88
HYUNDAI/KIA,IX35,82411-2Y000A,"СТЕКЛО ПЕР ЛЕВ ДВЕРИ",15,3002.22
HYUNDAI/KIA,IX35,82421-2Y000A,"СТЕКЛО ПЕР ПРАВ ДВЕРИ",9,3004.09
HYUNDAI/KIA,SPORTAGE,0K019-58-511,"СТЕКЛО ПЕР. ПРАВ. ДВЕРИ  -0008",1,1877.25
HYUNDAI/KIA,"SANTA FE NEW",82411-2B000,"Стекло передней левой двери",5,1156.31
HYUNDAI/KIA,CEED,82411-1H020,"Стекло передней левой двери",1,2242.36
HYUNDAI/KIA,"RIO 3",82411-1G010,"Стекло передней левой двери",1,1500
HYUNDAI/KIA,SOLARIS,82411-0U010,"Стекло передней левой двери",10,1768.44
"General Motors",AVEO,95963637,"Стекло передней левой двери",5,1505.21
HYUNDAI/KIA,SOLARIS,82421-0U010,"Стекло передней правой двери",3,1248.2
HYUNDAI/KIA,"ELANTRA NEW",82421-2H010,"Стекло передней правой двери",3,827.47
HYUNDAI/KIA,"SANTA FE NEW",82421-2B000,"Стекло передней правой двери",1,1027.23
HYUNDAI/KIA,CEED,82421-1H010,"Стекло передней правой двери",1,2537.26
HYUNDAI/KIA,"SPORTAGE R",82421-3U000A,"СТЕКЛО ПЕРЕДНЕЙ ПРАВОЙ ДВЕРИ",2,4069.93
"General Motors",AVEO,95963638,"Стекло передней правой двери",4,1332.68
HYUNDAI/KIA,CERATO,87810-1M210,"СТЕКЛО УГОЛОК КУПЕ ЛЕВ",1,2273.29
HYUNDAI/KIA,IX35,87810-2S000,"СТЕКЛО УГОЛОК ЛЕВ",4,3651.64
HYUNDAI/KIA,"ELANTRA NEW",87810-2H000,"СТЕКЛО УГОЛОК ЛЕВЫЙ",6,2736.61
HYUNDAI/KIA,"i30 NEW",87810-A5010,"Стекло уголок левый",1,1674.71
HYUNDAI/KIA,"ELANTRA NEW",87820-2H000,"СТЕКЛО УГОЛОК ПРАВЫЙ",2,1341.92
HYUNDAI/KIA,"i30 NEW",87820-A5010,"Стекло уголок правый",1,1644.27
"General Motors",CRUZE,13219141,Стойка,20,615.03
HYUNDAI/KIA,SPORTAGE,0G030-28157,"Стойка заднего стабилизатора",1,5.01
HYUNDAI/KIA,"ELANTRA NEW",55530-2H000,"СТОЙКА ЗАДНЕГО СТАБИЛИЗАТОРА",83,394.75
HYUNDAI/KIA,CERATO,71110-1MA00,"СТОЙКА ПЕРЕД ЛЕВАЯ",1,9419.84
HYUNDAI/KIA,ELANTRA,71120-2DA10,"СТОЙКА ПЕРЕД ПРАВАЯ",1,7224.2
HYUNDAI/KIA,CERATO,71120-1MA00,"СТОЙКА ПЕРЕД ПРАВАЯ",1,7932.62
HYUNDAI/KIA,VERNA,54830-1E100,"СТОЙКА ПЕРЕДНЕГО СТАБИЛИЗАТОРА ЛЕВАЯ",11,338.21
HYUNDAI/KIA,VERNA,54840-1E100,"СТОЙКА ПЕРЕДНЕГО СТАБИЛИЗАТОРА ПРАВАЯ",23,326.74
HYUNDAI/KIA,RIO,0K3Y3-71-270A,"СТОЙКА ПЕРЕДНЯЯ ЛЕВАЯ",1,4284.38
HYUNDAI/KIA,SOLARIS,71110-4LA00,"СТОЙКА ПЕРЕДНЯЯ ЛЕВАЯ",6,11574.78
HYUNDAI/KIA,"SPORTAGE R",71110-3UA00,"СТОЙКА ПЕРЕДНЯЯ ЛЕВАЯ",1,13595.83
"General Motors",CRUZE,96898486,"СТОЙКА ПЕРЕДНЯЯ ЛЕВАЯ",1,6485.34
HYUNDAI/KIA,RIO,0K3Y1-70-270A,"СТОЙКА ПЕРЕДНЯЯ ПРАВАЯ",2,982.03
HYUNDAI/KIA,"SPORTAGE R",71120-3UA00,"СТОЙКА ПЕРЕДНЯЯ ПРАВАЯ",1,14391.7
HYUNDAI/KIA,RIO,0K3YB-71-281,"СТОЙКА ЦЕНТР  ЛЕВАЯ 5DR",1,2191.99
HYUNDAI/KIA,VERNA,71401-250B1,"СТОЙКА ЦЕНТР-ЛЕВАЯ  нар",1,5255.56
HYUNDAI/KIA,VERNA,71431-25000,"СТОЙКА ЦЕНТР-ЛЕВАЯ  УСИЛИТЕЛЬ",2,350.73
HYUNDAI/KIA,RIO,OK3YB-70-281,"Стойка центр. правая 5DR",1,1370.88
"General Motors",CRUZE,95218139,"СТОЙКА ЦЕНТРАЛЬНАЯ LH",1,10179.14
HYUNDAI/KIA,ELANTRA,71401-2DA10,"СТОЙКА ЦЕНТРАЛЬНАЯ ЛЕВАЯ",1,10465.4
HYUNDAI/KIA,ELANTRA,71401-2DA10,"СТОЙКА ЦЕНТРАЛЬНАЯ ЛЕВАЯ",1,9223.29
HYUNDAI/KIA,SOLARIS,71401-4LB00,"СТОЙКА ЦЕНТРАЛЬНАЯ ЛЕВАЯ с дефектом!",2,11840.08
HYUNDAI/KIA,SPECTRA,0K2YA-70-281,"СТОЙКА ЦЕНТРАЛЬНАЯ ПРАВАЯ",1,3161.53
HYUNDAI/KIA,ELANTRA,71402-2DA10,"СТОЙКА ЦЕНТРАЛЬНАЯ ПРАВАЯ",1,13065.23
HYUNDAI/KIA,SOLARIS,71402-4LB00,"СТОЙКА ЦЕНТРАЛЬНАЯ ПРАВАЯ   с дефектом ",2,13911.63
"General Motors",CRUZE,95218140,"Стойка центральная правая Cruze",1,10541.24
HYUNDAI/KIA,ACCENT,54830-22001,"СТОЙКИ ПЕРЕДНЕГО СТАБИЛИЗАТОРА",16,98.88
HYUNDAI/KIA,SOLARIS,58310-1RA30,"Суппорт задний левый",4,4140.58
HYUNDAI/KIA,AVANTE," 58310-29A20","СУППОРТ ЗАДНИЙ-ЛЕВЫЙ  -1,8L",1,3567.89
HYUNDAI/KIA,SOLARIS,58110-4L000,"СУППОРТ ПЕРЕДНИЙ ЛЕВЫЙ",15,3700.51
HYUNDAI/KIA,SOLARIS,58180-1RA00,"Суппорт передний левый",1,2147.04
HYUNDAI/KIA,SOLARIS,58130-4L000,"СУППОРТ ПЕРЕДНИЙ ПРАВЫЙ",9,3847.74
HYUNDAI/KIA,SOLARIS,58190-1RA00,"Суппорт передний правый",1,1701.88
HYUNDAI/KIA,"ELANTRA NEW",41100-26010,"Сцепление диск",24,1271.12
HYUNDAI/KIA,TUCSON,41421-39265,"СЦЕПЛЕНИЕ ПОДШИПНИК ВЫЖИМНОЙ",46,424.74
HYUNDAI/KIA,"SANTA FE",41421-23010,"Сцепление подшипник выжимной",13,539.63
HYUNDAI/KIA,,41421-32000,"Сцепление подшипник выжимной",50,408.19
VALEO,ACCENT,"802 669","СЦЕПЛЕНИЕ-КОРЗИНА 1,3L",14,1025.12
VALEO,"ELANTRA NEW",VKD23358,"Сцепления диск Хундай  АТОZ",1,710.86
HYUNDAI/KIA,SPORTAGE,0K018-42110B,"ТОПЛИВНЫЙ БАК",1,4210.42
HYUNDAI/KIA,SOLARIS,31111-1R000,"Топливный насос",12,1411.79
HYUNDAI/KIA,"ELANTRA NEW",84710-2H1009P,ТОРПЕДА,6,16645.91
HYUNDAI/KIA,"SONATA EF",98150-38001,"Трапеция Стеклоочистителя",5,1032.64
HYUNDAI/KIA,SOLARIS,98120-1R000,"трапеция стеклоочистителя",7,813.67
HYUNDAI/KIA,"ELANTRA NEW",32790-2H100,"ТРОС ГАЗА",5,265.89
HYUNDAI/KIA,"SPORTAGE R",81190-3U000,"ТРОС КАПОТА 2",1,166.52
HYUNDAI/KIA,CERATO,59760-1M000,"ТРОС ЛЕВ",3,1722.81
HYUNDAI/KIA,"SPORTAGE R",81590-3U000,"ТРОС ЛЮЧКА БЕНЗОБАКА",2,298.74
HYUNDAI/KIA,SOLARIS,81280-1R000,"Трос открывания крышки багажника",2,122.77
HYUNDAI/KIA,SOLARIS,81590-1R000,"трос открывания лючка бензобака (седан)",26,495.16
HYUNDAI/KIA,CERATO,59770-1M000,"ТРОС ПРАВ",1,1698.8
HYUNDAI/KIA,"LANTRA -96",59701-28300,"трос ручн комплект ABS",1,493.96
HYUNDAI/KIA,SOLARIS,59770-1R300,"Трос ручника правый (тормоза дисковые)",5,451.4
HYUNDAI/KIA,AVANTE,59760-29301,"ТРОС РУЧНОГО ТОРМОЗА-левый  С АБС",1,348.86
"General Motors",CRUZE,13366824,"ТРУБКА ГУР (РАДИАТОР)",3,7317.63
HYUNDAI/KIA,"ELANTRA NEW",97767-25000,"трубка кондиционера",1,368.73
HYUNDAI/KIA,IX35,97762-2Y500,"ТРУБКА КОНДИЦИОНЕРА",1,2377.11
HYUNDAI/KIA,SOLARIS,97775-1R000,"ТРУБКА КОНДИЦИОНЕРА",1,3229.58
HYUNDAI/KIA,VERNA,97762-25000,"Трубка кондиционера 3",1,508.85
HYUNDAI/KIA,"ELANTRA NEW",26612-2B000,"трубка маслянного щупа",4,129.44
HYUNDAI/KIA,AVANTE,31320-29000,"ТРУБКА ТОПЛИВНАЯ",1,380.86
HYUNDAI/KIA,"LANTRA -96",58737-28001,"ТРУБКА ТОРМОЗНАЯ",2,108.41
HYUNDAI/KIA,PORTER,58723-4B300,"ТРУБКА ТОРМОЗНАЯ",1,80.47
HYUNDAI/KIA,VERNA,58731-25000,"ТРУБКА ТОРМОЗНАЯ",1,170.8
HYUNDAI/KIA,,0K085-45510,"Трубка тормозная",1,503.81
HYUNDAI/KIA,SOLARIS,56540-0U500,"Тяга рулевая",23,121.24
HYUNDAI/KIA,TUCSON,HQ804-200,"Указатель поворота-левый",1,655.8
HYUNDAI/KIA,"SPORTAGE R",83130-3U000,"УПЛОТНИТЕЛЬ ВНУТР ДВЕРИ ЗАД ЛЕВ",3,1455.35
HYUNDAI/KIA,"SPORTAGE R",83140-3U000,"УПЛОТНИТЕЛЬ ВНУТР ДВЕРИ ЗАД ПРАВ",3,1671.31
HYUNDAI/KIA,"SPORTAGE R",82130-3U000,"УПЛОТНИТЕЛЬ ВНУТР ДВЕРИ ПЕРЕД ЛЕВ",2,745.54
HYUNDAI/KIA,"SPORTAGE R",82140-3U000,"УПЛОТНИТЕЛЬ ВНУТР ДВЕРИ ПЕРЕД ПРАВ",3,2330.05
HYUNDAI/KIA,IX35,82140-2Y000,"УПЛОТНИТЕЛЬ ВНУТР ДВЕРИ ПЕРЕД ПРАВ",2,1875.54
HYUNDAI/KIA,IX35,83130-2Y000,"УПЛОТНИТЕЛЬ ВНУТР ЗАД ДВЕРИ ЛЕВ",2,1876.13
HYUNDAI/KIA,IX35,83140-2Y000,"УПЛОТНИТЕЛЬ ВНУТР ЗАД ДВЕРИ ПРАВ",2,1876.13
HYUNDAI/KIA,SOLARIS,83120-4L2004X,"Уплотнитель дверного проема",1,1688.43
HYUNDAI/KIA,SOLARIS,82120-4L000,"Уплотнитель дверного проема",1,704.81
HYUNDAI/KIA,SOLARIS,83110-4L000,"Уплотнитель дверного проема",2,1249.62
HYUNDAI/KIA,SOLARIS,83130-4L000,"Уплотнитель дверного проема заднего левого на двери (седан)",5,1470.04
HYUNDAI/KIA,SOLARIS,83130-4L200,"Уплотнитель дверного проема заднего левого на двери (хетчбэк)",1,1034.24
HYUNDAI/KIA,SOLARIS,83140-4L000,"Уплотнитель дверного проема заднего правого на двери (седан)",4,1354.81
HYUNDAI/KIA,SOLARIS,82130-4L000,"Уплотнитель дверного проема переднего левого на двери (седан)",23,998.79
HYUNDAI/KIA,SOLARIS,82140-4L000,"Уплотнитель дверного проема переднего правого на двери (седан)",3,1312.44
HYUNDAI/KIA,SOLARIS,86431-1R000,"УПЛОТНИТЕЛЬ КАПОТА",1,134.36
HYUNDAI/KIA,SOLARIS,87321-4L000,"Уплотнитель крышки багажника (седан)",1,870.9
HYUNDAI/KIA,SOLARIS,86631-1R000,"УСИЛИТЕЛЬ БАМПЕРА ЗАД",6,1657.22
"General Motors",CRUZE,94810052,"Усилитель переднего правого крыла",2,3365.42
HYUNDAI/KIA,RIO,0K32A-71-420A,"Усилитель стойки лев",1,1701.87
HYUNDAI/KIA,VERNA,24431-23500,УСПОКОИТЕЛЬ,11,26.78
HYUNDAI/KIA,CERATO,24420-25002,"УСПОКОИТЕЛЬ ЦЕПИ",11,229.73
HYUNDAI/KIA,CERATO,24471-25001,"УСПОКОИТЕЛЬ ЦЕПИ МАСЛ НАСОСА",11,69.23
HYUNDAI/KIA,CERATO,24460-25001,"УСПОКОИТЕЛЬ ЦЕПИ МАСЛ НАСОСА",8,106.8
HYUNDAI/KIA,"SONATA EF",92101-38010,"ФАРА ЛЕВАЯ",1,4312
HYUNDAI/KIA,ELANTRA,92101-2D510,"Фара левая",1,3239.93
HYUNDAI/KIA,ELANTRA,92101-2D110,"ФАРА ЛЕВАЯ",2,3723.85
HYUNDAI/KIA,RIO,0K30A-51040C,"ФАРА ЛЕВАЯ",1,1961.53
HYUNDAI/KIA,CERATO,92101-1M000,"ФАРА ЛЕВАЯ",1,3213.92
HYUNDAI/KIA,CERATO,92101-2F000,"ФАРА ЛЕВАЯ -06",1,1461.92
HYUNDAI/KIA,CERATO,92101-2F500,"ФАРА ЛЕВАЯ 06-",1,1708.92
HYUNDAI/KIA,"SONATA EF",92102-38010,"ФАРА ПРАВАЯ",1,3153.97
HYUNDAI/KIA,MAGENTIS,92102-3C000,"ФАРА ПРАВАЯ",1,1987.87
HYUNDAI/KIA,ELANTRA,92102-2D110,"ФАРА ПРАВАЯ         ",1,3388.31
HYUNDAI/KIA,CERATO,92102-1M000,"ФАРА ПРАВАЯ",1,3214.67
HYUNDAI/KIA,,92102-3U111,"ФАРА ПРАВАЯ",5,17903.59
HYUNDAI/KIA,CERATO,92102-2F000,"ФАРА ПРАВАЯ -06",1,2136.38
HYUNDAI/KIA,i30,92201-2R000,"ФАРА ПРОТ ЛЕВАЯ",2,1485.82
HYUNDAI/KIA,SOLARIS,92202-1R000,"ФАРА ПРОТ ПРАВАЯ",27,1066.97
HYUNDAI/KIA,CERATO,92201-1M400,"Фара противотуманная -левая",2,713.02
HYUNDAI/KIA,CERATO,92201-1M300,"Фара противотуманная -левая",5,569.56
HYUNDAI/KIA,CERATO,92202-1M400,"Фара противотуманная -правая",7,816.26
HYUNDAI/KIA,CERATO,92202-1M300,"Фара противотуманная -правая",3,703.63
HYUNDAI/KIA,IX35,92405-2S100,"фара противотуманная задняя левая",9,872.2
HYUNDAI/KIA,IX35,92406-2S100,"фара противотуманная задняя правая",10,656.18
"General Motors",AVEO,96830991,"ФАРА ПРОТИВОТУМАННАЯ ЛЕВАЯ",8,1350.59
HYUNDAI/KIA,"i30 NEW",92201-A6010,"ФАРА ПРОТИВОТУМАННАЯ ЛЕВАЯ",3,1410.05
HYUNDAI/KIA,"SPORTAGE R",92202-3W200,"ФАРА ПРОТИВОТУМАННАЯ ПРАВАЯ",5,1258.97
"General Motors",AVEO,96830992,"ФАРА ПРОТИВОТУМАННАЯ ПРАВАЯ",8,1833.57
HYUNDAI/KIA,"i30 NEW",92202-A6010,"ФАРА ПРОТИВОТУМАННАЯ ПРАВАЯ",1,1477.45
"General Motors",CRUZE,13271190,Фильтр,18,435.03
PMC,"SONATA EF",FAH-2103,"ФИЛЬТР ВОЗДУШНЫЙ",288,200.06
CARFILTER,RIO,0K30C-13Z40A,"Фильтр воздушный",3,75.83
HYUNDAI/KIA,TUCSON,28113-08000,"ФИЛЬТР ВОЗДУШНЫЙ",66,187.27
HYUNDAI/KIA,"SANTA FE NEW",28113-2B000,"ФИЛЬТР ВОЗДУШНЫЙ",8,194.66
HYUNDAI/KIA,AVEO,28113-3X000,"ФИЛЬТР ВОЗДУШНЫЙ",152,202.29
"General Motors",CRUZE,13272717,"Фильтр воздушный Chevrolet CRUZE 1,6 1,8 2.0 Orlando 1.8",15,413.43
HYUNDAI/KIA,IX35,26320-2A500,"ФИЛЬТР МАСЛЯНЫЙ ДИЗЕЛЬ",10,173.37
PMC,"SONATA NF",PMAP18,"ФИЛЬТР САЛОННЫЙ",4,150
"NBN KOREA",CERATO,S04.1207.1,"ФИЛЬТР САЛОННЫЙ",1,75.78
HYUNDAI/KIA,SPECTRA,0K9A5-6152XA,"ФИЛЬТР САЛОННЫЙ",3,288.19
"General Motors",CRUZE,1808246,"ФИЛЬТР САЛОННЫЙ",69,643.73
"AIR ZONE",VERNA,97610-37000,"ФИЛЬТР САЛОННЫЙ  одинарный не оригинал",11,91.39
HYUNDAI/KIA,GETZ,97617-1C001,"ФИЛЬТР САЛОННЫЙ ДВОЙНОЙ AIRZONE",2,195.41
HYUNDAI/KIA,"SONATA EF",31911-38204,"ФИЛЬТР ТОПЛИВНЫЙ",6,277.82
"General Motors",CRUZE,13263262,"ФИЛЬТР ТОПЛИВНЫЙ",4,669.4
HYUNDAI/KIA,SORENTO,92402-3E500,"ФОНАРЬ ЗАД ПРАВЫЙ 06-",1,3133.58
HYUNDAI/KIA,"SPORTAGE R",92406-3W010,"ФОНАРЬ ЗАД ПРАВЫЙ ВНУТР",4,1299.74
HYUNDAI/KIA,"SPORTAGE R",92402-3W010,"ФОНАРЬ ЗАД ПРАВЫЙ НАРУЖН",17,3197.11
HYUNDAI/KIA,ELANTRA,92401-2D500,"ФОНАРЬ ЗАД. ЛЕВ БРАК!!!!",2,1505.2
HYUNDAI/KIA,"SPORTAGE R",92405-3W010,"ФОНАРЬ ЗАДНИЙ ЛЕВЫЙ",3,2182.64
HYUNDAI/KIA,,92405-3W010,"ФОНАРЬ ЗАДНИЙ ЛЕВЫЙ",3,2182.64
HYUNDAI/KIA,SOLARIS,92401-1R220,"фонарь задний левый (5 ДВЕРЕЙ, ХЭТЧБЕК)",5,1931.62
HYUNDAI/KIA,"SANTA FE NEW",92405-2B520,"Фонарь задний левый (внутренний)",1,2475.29
HYUNDAI/KIA,"RIO 3",92401-1G010,"Фонарь задний левый 4DR",3,1846.12
HYUNDAI/KIA,"i30 NEW",92401-A5110,"ФОНАРЬ ЗАДНИЙ ЛЕВЫЙ LED",1,10110.91
HYUNDAI/KIA,"i30 NEW",92403-A5110,"ФОНАРЬ ЗАДНИЙ ЛЕВЫЙ LED ВНУТР",1,6276.8
HYUNDAI/KIA,"ELANTRA NEW",92401-2H010,"Фонарь задний левый крыла",9,1835.94
HYUNDAI/KIA,"SONATA EF",92402-3D000,"ФОНАРЬ ЗАДНИЙ ПРАВЫЙ",1,784.52
HYUNDAI/KIA,"SONATA NF",92404-3K500,"ФОНАРЬ ЗАДНИЙ ПРАВЫЙ",1,1064.6
HYUNDAI/KIA,"SANTA FE NEW",92406-2B520,"Фонарь задний правый (внутренний)",2,2381.54
HYUNDAI/KIA,"i30 NEW",92402-A5110,"ФОНАРЬ ЗАДНИЙ ПРАВЫЙ LED",1,9376.16
HYUNDAI/KIA,"i30 NEW",92404-A5110,"ФОНАРЬ ЗАДНИЙ ПРАВЫЙ ВНУТР",1,5784.35
HYUNDAI/KIA,"ELANTRA NEW",92402-2H010,"Фонарь задний правый крыла",8,2079.61
HYUNDAI/KIA,"ELANTRA NEW",92404-2H000,"Фонарь задний правый крыш. багаж. (УЦЕНКА: ЦАРАПРИНА!!!!)",1,379.95
HYUNDAI/KIA,GETZ,92401-1C010,"ФОНАРЬ ЗАДНИЙ-ЛЕВЫЙ",1,959.82
HYUNDAI/KIA,CERATO,92403-1M020,"ФОНАРЬ ЗАДНИЙ-ЛЕВЫЙ ВНУТР",8,1184.07
HYUNDAI/KIA,CERATO,92403-1M320,"ФОНАРЬ ЗАДНИЙ-ЛЕВЫЙ ВНУТР KOUP",3,524.88
HYUNDAI/KIA,CERATO,92401-1M020,"ФОНАРЬ ЗАДНИЙ-ЛЕВЫЙ НАР",6,1552.89
HYUNDAI/KIA,CERATO,92401-1M320,"ФОНАРЬ ЗАДНИЙ-ЛЕВЫЙ НАР KOUP",2,1777.19
HYUNDAI/KIA,ACCENT,92402-22300,"ФОНАРЬ ЗАДНИЙ-ПРАВЫЙ  4DR  9702-",2,819.36
HYUNDAI/KIA,GETZ,92402-1C500,"ФОНАРЬ ЗАДНИЙ-ПРАВЫЙ 2005-",4,997.72
HYUNDAI/KIA,CERATO,92404-1M020,"ФОНАРЬ ЗАДНИЙ-ПРАВЫЙ ВНУТР",10,846.72
HYUNDAI/KIA,CERATO,92404-1M320,"ФОНАРЬ ЗАДНИЙ-ПРАВЫЙ ВНУТР KOUP",3,634.34
HYUNDAI/KIA,CERATO,92402-1M020,"ФОНАРЬ ЗАДНИЙ-ПРАВЫЙ НАР",10,2278.05
HYUNDAI/KIA,CERATO,92402-1M320,"ФОНАРЬ ЗАДНИЙ-ПРАВЫЙ НАР KOUP",1,1714.34
HYUNDAI/KIA,IX35,92405-2S000,"ФОНАРЬ ЛЕВЫЙ",9,1000.91
HYUNDAI/KIA,IX35,92401-2S000,"ФОНАРЬ ЛЕВЫЙ",8,1525.28
HYUNDAI/KIA,SOLARIS,92501-1H500,"фонарь подсветки номерного знака левый",1,296
HYUNDAI/KIA,SOLARIS,92502-1H500,"фонарь подсветки номерного знака правый",13,170.32
HYUNDAI/KIA,IX35,92406-2Y000,"ФОНАРЬ ПРАВЫЙ",7,2154.6
HYUNDAI/KIA,IX35,92402-2S000,"ФОНАРЬ ПРАВЫЙ",4,1525.42
HYUNDAI/KIA,"i30 NEW",92700-A5000,"Фонарь СПОЙЛЕРА",1,1741.02
HYUNDAI/KIA,"ELANTRA NEW",35310-2B020,"форсунка инжектора",4,577.25
"General Motors",CRUZE,55562599,"ФОРСУНКА ИНЖЕКТОРА",4,1171.09
HYUNDAI/KIA,"ELANTRA NEW",98630-37000,"Форсунка омывателя",1,32.85
HYUNDAI/KIA,VERNA,98630-25000,"ФОРСУНКА ОМЫВАТЕЛЯ",2,33.58
HYUNDAI/KIA,SOLARIS,98630-4L000,"форсунка стеклоомывателя левая",18,134.52
HYUNDAI/KIA,SOLARIS,98640-4L000,"форсунка стеклоомывателя правая",12,129.07
HYUNDAI/KIA,SOLARIS,58510-4L100,"Цилиндр СЦЕПЛЕНИЯ ГЛАВНЫЙ",6,1975.88
HYUNDAI/KIA,SOLARIS,58510-4L200,"ЦИЛИНДР СЦЕПЛЕНИЯ ГЛАВНЫЙ",1,5332.98
"General Motors",AVEO,95018639,"ЦИЛИНДР ТОРМОЗНОЙ ЗАДНИЙ К-Т 2ШТ",3,912.73
HYUNDAI/KIA,SPORTAGE,OK07A-55-710,Часы,1,618.03
HYUNDAI/KIA,"LANTRA -96",54503-28A10,"ШАРОВАЯ ОПОРА",1,243.55
HYUNDAI/KIA,"RIO 3",51760-1G000,"ШАРОВАЯ ОПОРА",24,469.98
HYUNDAI/KIA,"ELANTRA NEW",23510-2B000,"шатун 1,6",8,1328.42
"General Motors",CRUZE,55566598,"ШАТУН 1.6 - 1.8",4,2323.19
"General Motors",CRUZE,55565300,"ШКИВ КОЛЕНВАЛА",1,1333.69
HYUNDAI/KIA,"ELANTRA NEW",25221-2B000,"шкив помпы",3,125.62
HYUNDAI/KIA,"ELANTRA NEW",24350-2B010,"шкив распредвала",6,2559.93
HYUNDAI/KIA,PORTER,31331-4B000,"ШЛАНГ ЗАЛИВНОЙ ГОРЛОВИНЫ",1,76.6
"General Motors",CRUZE,13345579,"ШЛАНГ ТОРМОЗНОЙ ЗАДНИЙ ЛЕВЫЙ",3,698.99
"General Motors",CRUZE,13345580,"ШЛАНГ ТОРМОЗНОЙ ЗАДНИЙ ПРАВЫЙ",3,699.57
HYUNDAI/KIA,SOLARIS,58731-1R000,"Шланг тормозной передний левый",8,262.94
HYUNDAI/KIA,TUCSON,14311-05225,"Шпилька вилки",1,3.58
"General Motors",CRUZE,9595179,"Шпилька перед/зад ступицы круз",89,56.63
HYUNDAI/KIA,TUCSON,OK710-26-113A,"Шпилька ступицы",1,31.34
"General Motors",CRUZE,13318014,ШРУС,1,5243.98
"General Motors",CRUZE,13318013,ШРУС,2,4050.66
"General Motors",CRUZE,13318006,шрус,1,4268.27
Asva,SPORTAGE,OK011-22-520,"ШРУС внутренний правый восстановленный -9501",1,527.68
HYUNDAI/KIA,VERNA,57142-2D000,"ШТУЦЕР НАСОСА Г/У",6,73.51
HYUNDAI/KIA,"RIO 3",81124-1G000,"ШУМОИЗОЛЯЦИЯ КАПОТА",5,1595.64
HYUNDAI/KIA,IX35,81125-2Y000,"ШУМОИЗОЛЯЦИЯ КАПОТА",4,3228.94
HYUNDAI/KIA,"i30 NEW",98350-3R200,"Щетка вод",19,367.67
HYUNDAI/KIA,"ELANTRA NEW",98350-2H000,"ЩЕТКА ВОД.",42,406.05
HYUNDAI/KIA,"i30 NEW",98850-A5000,"Щетка ЗАД",2,299.18
HYUNDAI/KIA,IX35,98360-2S000,"ЩЕТКА ПАСС",29,255.27
HYUNDAI/KIA,"ELANTRA NEW",98360-1H000,"ЩЕТКА ПАСС.",12,811.13
HYUNDAI/KIA,"SPORTAGE R",98360-3W000,"ЩЕТКА СТЕКЛООЧИСТИТЕЛЯ",1,577.92
HYUNDAI/KIA,IX35,98350-2S010,"Щетка стеклоочистителя",27,288.6
"General Motors",AVEO,95228810,"ЩЕТКА СТЕКЛООЧИСТИТЕЛЯ",10,636.17
HYUNDAI/KIA,SOLARIS,98850-2K000,"щетка стеклоочистителя зад",45,178.26
HYUNDAI/KIA,CERATO,98360-3K000,"ЩЕТКА СТЕКЛООЧИСТИТЕЛЯ ПРАВАЯ",23,204.53
HYUNDAI/KIA,"SANTA FE NEW",98360-2B000,"ЩЕТКА СТЕКЛООЧИСТИТЕЛЯ ПРАВАЯ",5,288.04
HYUNDAI/KIA,"SANTA FE NEW",86300-2B100,ЭМБЛЕМА,8,96.89
"General Motors",AVEO,95019523,Эмблема,6,738.81
"General Motors",AVEO,96965733,Эмблема,4,219.77
HYUNDAI/KIA,"SONATA YF",86300-0Q000,"ЭМБЛЕМА КРЫШКИ БАГАЖНИКА",6,95.81
"General Motors",AVEO,95122466,"Эмблема крышки багажника",9,643.4
HYUNDAI/KIA,GETZ,86300-3A000,"Эмблема решетки радиатора Гетц",2,81.08
HYUNDAI/KIA,MAGENTIS,0K54B-51-720B,"ЭМЛЕМА КРУГЛАЯ KIA",1,244.26
